Workbook

Sheet التسوية
A1: نظام الموظفين — التسوية الأسبوعية والشهرية
B3: اختر الشهر | C3: 10 | D3: اختر السنة | E3: 2026 | F3: ← أول شي اختار الشهر والسنة — كل الملف (الأسابيع وتواريخ الأيام) بيتبرمج عليهم
B5: الأسبوع | C5: الأسبوع الأول | N5: =IFERROR(MIN(MATCH($C$5,القوائم!$K$11:$K$16,0),NW),1) -> 1
A7: افتتاح الشهر — انقل الأرقام من «إقفال الشهر» بملف الشهر الماضي
A8: الموظف | B8: مستحق له لسا ما قبضه (دينار) | C8: قرض أو دين متبقي عليه (دينار) | D8: القسط الأسبوعي (دينار) | E8: «مستحق له» = أيام اشتغلها آخر الشهر الماضي وما انقبضت (مثلاً أسبوع مقطوع). بينضاف لصافي أول أسبوع. · «دين متبقي» = اللي ضل عليه من ديون وبضاعة. بينخصم منه القسط الأسبوعي لحد ما يخلص.
A9: عمر المصري | B9: 0 | C9: 0 | D9: 0
A10: عبدالعزيز | B10: 0 | C10: 0 | D10: 0
A12: ="تسوية الأسبوع المختار · "&$C$5 -> تسوية الأسبوع المختار · الأسبوع الأول
A13: الموظف | B13: عدد الساعات | C13: المستحق (دينار) | D13: + مدوّر | E13: − مقبوض يومياً | F13: − السلف | G13: − القسط | H13: الصافي للدفع | I13: المدفوع (دينار) | J13: الباقي له | K13: الدين المتبقي | L13: ملاحظة
A14: عمر المصري | B14: =N(INDEX(B22:B27,WK)) -> 0 | C14: =N(INDEX(C22:C27,WK)) -> 0 | D14: =N(INDEX(D22:D27,WK)) -> 0 | E14: 0 | F14: =N(INDEX(E22:E27,WK)) -> 0 | G14: =N(INDEX(F22:F27,WK)) -> 0 | H14: =N(INDEX(G22:G27,WK)) -> 0 | I14: =N(INDEX(H22:H27,WK)) -> 0 | J14: =N(INDEX(I22:I27,WK)) -> 0 | K14: =N(INDEX(J22:J27,WK)) -> 0 | L14: =IF(AND(ADV_CAP>0,C14>0,F14>ADV_CAP*C14),"⚠️ السلف فوق السقف",IF(H14<0,"⚠️ السلف أكثر من المستحق",IF(AND(H14>0,J14=0),"✔ مدفوع",IF(H14>0,"لسا ما اندفع",""))))
A15: عبدالعزيز | B15: =N(INDEX(B32:B37,WK)) -> 0 | C15: =N(INDEX(C32:C37,WK)) -> 0 | D15: =N(INDEX(D32:D37,WK)) -> 0 | E15: =N(INDEX(E32:E37,WK)) -> 0 | F15: =N(INDEX(F32:F37,WK)) -> 0 | G15: =N(INDEX(G32:G37,WK)) -> 0 | H15: =N(INDEX(H32:H37,WK)) -> 0 | I15: =N(INDEX(I32:I37,WK)) -> 0 | ... K15: =N(INDEX(K32:K37,WK)) -> 0 | L15: =IF(AND(ADV_CAP>0,C15>0,F15>ADV_CAP*C15),"⚠️ السلف فوق السقف",IF(H15<0,"⚠️ السلف أكثر من المستحق",IF(AND(H15>0,J15=0),"✔ مدفوع",IF(H15>0,"لسا ما اندفع",""))))
A17: المدفوع بينكتب بجداول الشهر تحت (سطر الأسبوع) — وهون بيطلع لحاله. المدير بورقته لحال · عمال المهام بورقتهم.
A20: عمر المصري — كل أسابيع الشهر
A21: الأسبوع | B21: عدد الساعات | C21: المستحق (دينار) | D21: + مدوّر | E21: − السلف | F21: − القسط | G21: الصافي للدفع | H21: المدفوع (دينار) | I21: الباقي له | J21: الدين المتبقي | K21: ملاحظة
A22: =IF(1<=NW,"الأسبوع الأول","") -> الأسبوع الأول | B22: =IF(1<=NW,N('ساعات عمر'!E14),"") -> 0 | C22: =IF(1<=NW,N('ساعات عمر'!H15),"") -> 0 | D22: =IF(1<=NW,$B$9,"") -> 0 | E22: =IF(1<=NW,SUMIFS(ADV_AMT,ADV_E,"عمر المصري",ADV_D,">="&القوائم!$H$11,ADV_D,"<="&القوائم!$I$11),"") -> 0 | F22: =IF(1<=NW,IF(N(C22)=0,0,MAX(0,MIN(IF(_xlfn.MAXIFS(LG_IDX,LG_E,"عمر المصري",LG_INST,"<>",LG_D,"<="&القوائم!$I$11)=0,$D$9,INDEX(LG_INST,_xlfn.MAXIFS(LG_IDX,LG_E,"عمر المصري",LG_INST,"<>",LG_D,"<="&القوائم!$I$11))),$C$9+SUMIFS(LG_DEBT,LG_E,"عمر المصري",LG_D,"<="&القوائم!$I$11)-SUMIFS(LG_REP,LG_E,"عمر المصري",LG_D,"<="&القوائم!$I$11)-0,N(C22)+N(D22)-N(E22)))),"") -> 0 | G22: =IF(1<=NW,C22+D22-E22-F22,"") -> 0 | I22: =IF(1<=NW,G22-N(H22),"") -> 0 | J22: =IF(1<=NW,MAX(0,$C$9+SUMIFS(LG_DEBT,LG_E,"عمر المصري",LG_D,"<="&القوائم!$I$11)-SUMIFS(LG_REP,LG_E,"عمر المصري",LG_D,"<="&القوائم!$I$11)-SUM(F22:F22)),"") -> 0 | K22: =IF(1<=NW,IF(AND(ADV_CAP>0,C22>0,E22>ADV_CAP*C22),"⚠️ السلف فوق السقف",IF(G22<0,"⚠️ السلف أكثر من المستحق","")),"")
A23: =IF(2<=NW,"الأسبوع الثاني","") -> الأسبوع الثاني | B23: =IF(2<=NW,N('ساعات عمر'!E24),"") -> 0 | C23: =IF(2<=NW,N('ساعات عمر'!H25),"") -> 0 | D23: =IF(2<=NW,0,"") -> 0 | E23: =IF(2<=NW,SUMIFS(ADV_AMT,ADV_E,"عمر المصري",ADV_D,">="&القوائم!$H$12,ADV_D,"<="&القوائم!$I$12),"") -> 0 | F23: =IF(2<=NW,IF(N(C23)=0,0,MAX(0,MIN(IF(_xlfn.MAXIFS(LG_IDX,LG_E,"عمر المصري",LG_INST,"<>",LG_D,"<="&القوائم!$I$12)=0,$D$9,INDEX(LG_INST,_xlfn.MAXIFS(LG_IDX,LG_E,"عمر المصري",LG_INST,"<>",LG_D,"<="&القوائم!$I$12))),$C$9+SUMIFS(LG_DEBT,LG_E,"عمر المصري",LG_D,"<="&القوائم!$I$12)-SUMIFS(LG_REP,LG_E,"عمر المصري",LG_D,"<="&القوائم!$I$12)-SUM(F22:F22),N(C23)+N(D23)-N(E23)))),"") -> 0 | G23: =IF(2<=NW,C23+D23-E23-F23,"") -> 0 | I23: =IF(2<=NW,G23-N(H23),"") -> 0 | J23: =IF(2<=NW,MAX(0,$C$9+SUMIFS(LG_DEBT,LG_E,"عمر المصري",LG_D,"<="&القوائم!$I$12)-SUMIFS(LG_REP,LG_E,"عمر المصري",LG_D,"<="&القوائم!$I$12)-SUM(F22:F23)),"") -> 0 | K23: =IF(2<=NW,IF(AND(ADV_CAP>0,C23>0,E23>ADV_CAP*C23),"⚠️ السلف فوق السقف",IF(G23<0,"⚠️ السلف أكثر من المستحق","")),"")
A24: =IF(3<=NW,"الأسبوع الثالث","") -> الأسبوع الثالث | B24: =IF(3<=NW,N('ساعات عمر'!E34),"") -> 0 | C24: =IF(3<=NW,N('ساعات عمر'!H35),"") -> 0 | D24: =IF(3<=NW,0,"") -> 0 | E24: =IF(3<=NW,SUMIFS(ADV_AMT,ADV_E,"عمر المصري",ADV_D,">="&القوائم!$H$13,ADV_D,"<="&القوائم!$I$13),"") -> 0 | F24: =IF(3<=NW,IF(N(C24)=0,0,MAX(0,MIN(IF(_xlfn.MAXIFS(LG_IDX,LG_E,"عمر المصري",LG_INST,"<>",LG_D,"<="&القوائم!$I$13)=0,$D$9,INDEX(LG_INST,_xlfn.MAXIFS(LG_IDX,LG_E,"عمر المصري",LG_INST,"<>",LG_D,"<="&القوائم!$I$13))),$C$9+SUMIFS(LG_DEBT,LG_E,"عمر المصري",LG_D,"<="&القوائم!$I$13)-SUMIFS(LG_REP,LG_E,"عمر المصري",LG_D,"<="&القوائم!$I$13)-SUM(F22:F23),N(C24)+N(D24)-N(E24)))),"") -> 0 | G24: =IF(3<=NW,C24+D24-E24-F24,"") -> 0 | I24: =IF(3<=NW,G24-N(H24),"") -> 0 | J24: =IF(3<=NW,MAX(0,$C$9+SUMIFS(LG_DEBT,LG_E,"عمر المصري",LG_D,"<="&القوائم!$I$13)-SUMIFS(LG_REP,LG_E,"عمر المصري",LG_D,"<="&القوائم!$I$13)-SUM(F22:F24)),"") -> 0 | K24: =IF(3<=NW,IF(AND(ADV_CAP>0,C24>0,E24>ADV_CAP*C24),"⚠️ السلف فوق السقف",IF(G24<0,"⚠️ السلف أكثر من المستحق","")),"")
A25: =IF(4<=NW,"الأسبوع الرابع","") -> الأسبوع الرابع | B25: =IF(4<=NW,N('ساعات عمر'!E44),"") -> 0 | C25: =IF(4<=NW,N('ساعات عمر'!H45),"") -> 0 | D25: =IF(4<=NW,0,"") -> 0 | E25: =IF(4<=NW,SUMIFS(ADV_AMT,ADV_E,"عمر المصري",ADV_D,">="&القوائم!$H$14,ADV_D,"<="&القوائم!$I$14),"") -> 0 | F25: =IF(4<=NW,IF(N(C25)=0,0,MAX(0,MIN(IF(_xlfn.MAXIFS(LG_IDX,LG_E,"عمر المصري",LG_INST,"<>",LG_D,"<="&القوائم!$I$14)=0,$D$9,INDEX(LG_INST,_xlfn.MAXIFS(LG_IDX,LG_E,"عمر المصري",LG_INST,"<>",LG_D,"<="&القوائم!$I$14))),$C$9+SUMIFS(LG_DEBT,LG_E,"عمر المصري",LG_D,"<="&القوائم!$I$14)-SUMIFS(LG_REP,LG_E,"عمر المصري",LG_D,"<="&القوائم!$I$14)-SUM(F22:F24),N(C25)+N(D25)-N(E25)))),"") -> 0 | G25: =IF(4<=NW,C25+D25-E25-F25,"") -> 0 | I25: =IF(4<=NW,G25-N(H25),"") -> 0 | J25: =IF(4<=NW,MAX(0,$C$9+SUMIFS(LG_DEBT,LG_E,"عمر المصري",LG_D,"<="&القوائم!$I$14)-SUMIFS(LG_REP,LG_E,"عمر المصري",LG_D,"<="&القوائم!$I$14)-SUM(F22:F25)),"") -> 0 | K25: =IF(4<=NW,IF(AND(ADV_CAP>0,C25>0,E25>ADV_CAP*C25),"⚠️ السلف فوق السقف",IF(G25<0,"⚠️ السلف أكثر من المستحق","")),"")
A26: =IF(5<=NW,"الأسبوع الخامس","") -> الأسبوع الخامس | B26: =IF(5<=NW,N('ساعات عمر'!E54),"") -> 0 | C26: =IF(5<=NW,N('ساعات عمر'!H55),"") -> 0 | D26: =IF(5<=NW,0,"") -> 0 | E26: =IF(5<=NW,SUMIFS(ADV_AMT,ADV_E,"عمر المصري",ADV_D,">="&القوائم!$H$15,ADV_D,"<="&القوائم!$I$15),"") -> 0 | F26: =IF(5<=NW,IF(N(C26)=0,0,MAX(0,MIN(IF(_xlfn.MAXIFS(LG_IDX,LG_E,"عمر المصري",LG_INST,"<>",LG_D,"<="&القوائم!$I$15)=0,$D$9,INDEX(LG_INST,_xlfn.MAXIFS(LG_IDX,LG_E,"عمر المصري",LG_INST,"<>",LG_D,"<="&القوائم!$I$15))),$C$9+SUMIFS(LG_DEBT,LG_E,"عمر المصري",LG_D,"<="&القوائم!$I$15)-SUMIFS(LG_REP,LG_E,"عمر المصري",LG_D,"<="&القوائم!$I$15)-SUM(F22:F25),N(C26)+N(D26)-N(E26)))),"") -> 0 | G26: =IF(5<=NW,C26+D26-E26-F26,"") -> 0 | I26: =IF(5<=NW,G26-N(H26),"") -> 0 | J26: =IF(5<=NW,MAX(0,$C$9+SUMIFS(LG_DEBT,LG_E,"عمر المصري",LG_D,"<="&القوائم!$I$15)-SUMIFS(LG_REP,LG_E,"عمر المصري",LG_D,"<="&القوائم!$I$15)-SUM(F22:F26)),"") -> 0 | K26: =IF(5<=NW,IF(AND(ADV_CAP>0,C26>0,E26>ADV_CAP*C26),"⚠️ السلف فوق السقف",IF(G26<0,"⚠️ السلف أكثر من المستحق","")),"")
A27: =IF(6<=NW,"الأسبوع السادس","") -> الأسبوع السادس | B27: =IF(6<=NW,N('ساعات عمر'!E64),"") -> 0 | C27: =IF(6<=NW,N('ساعات عمر'!H65),"") -> 0 | D27: =IF(6<=NW,0,"") -> 0 | E27: =IF(6<=NW,SUMIFS(ADV_AMT,ADV_E,"عمر المصري",ADV_D,">="&القوائم!$H$16,ADV_D,"<="&القوائم!$I$16),"") -> 0 | F27: =IF(6<=NW,IF(N(C27)=0,0,MAX(0,MIN(IF(_xlfn.MAXIFS(LG_IDX,LG_E,"عمر المصري",LG_INST,"<>",LG_D,"<="&القوائم!$I$16)=0,$D$9,INDEX(LG_INST,_xlfn.MAXIFS(LG_IDX,LG_E,"عمر المصري",LG_INST,"<>",LG_D,"<="&القوائم!$I$16))),$C$9+SUMIFS(LG_DEBT,LG_E,"عمر المصري",LG_D,"<="&القوائم!$I$16)-SUMIFS(LG_REP,LG_E,"عمر المصري",LG_D,"<="&القوائم!$I$16)-SUM(F22:F26),N(C27)+N(D27)-N(E27)))),"") -> 0 | G27: =IF(6<=NW,C27+D27-E27-F27,"") -> 0 | I27: =IF(6<=NW,G27-N(H27),"") -> 0 | J27: =IF(6<=NW,MAX(0,$C$9+SUMIFS(LG_DEBT,LG_E,"عمر المصري",LG_D,"<="&القوائم!$I$16)-SUMIFS(LG_REP,LG_E,"عمر المصري",LG_D,"<="&القوائم!$I$16)-SUM(F22:F27)),"") -> 0 | K27: =IF(6<=NW,IF(AND(ADV_CAP>0,C27>0,E27>ADV_CAP*C27),"⚠️ السلف فوق السقف",IF(G27<0,"⚠️ السلف أكثر من المستحق","")),"")
A28: مجموع الشهر | B28: =SUM(B22:B27) -> 0 | C28: =SUM(C22:C27) -> 0 | D28: =SUM(D22:D27) -> 0 | E28: =SUM(E22:E27) -> 0 | F28: =SUM(F22:F27) -> 0 | G28: =SUM(G22:G27) -> 0 | H28: =SUM(H22:H27) -> 0 | I28: =SUM(I22:I27) -> 0 | J28: =MAX(0,$C$9+SUMIFS(LG_DEBT,LG_E,"عمر المصري")-SUMIFS(LG_REP,LG_E,"عمر المصري")-F28) -> 0
A30: عبدالعزيز — كل أسابيع الشهر
A31: الأسبوع | B31: عدد الساعات | C31: المستحق (دينار) | D31: + مدوّر | E31: − مقبوض يومياً | F31: − السلف | G31: − القسط | H31: الصافي للدفع | I31: المدفوع (دينار) | J31: الباقي له | K31: الدين المتبقي
A32: =IF(1<=NW,"الأسبوع الأول","") -> الأسبوع الأول | B32: =IF(1<=NW,N('ساعات عبدالعزيز'!E14),"") -> 0 | C32: =IF(1<=NW,N('ساعات عبدالعزيز'!F15),"") -> 0 | D32: =IF(1<=NW,$B$10,"") -> 0 | E32: =IF(1<=NW,N('ساعات عبدالعزيز'!H14),"") -> 0 | F32: =IF(1<=NW,SUMIFS(ADV_AMT,ADV_E,"عبدالعزيز",ADV_D,">="&القوائم!$H$11,ADV_D,"<="&القوائم!$I$11),"") -> 0 | G32: =IF(1<=NW,IF(N(C32)=0,0,MAX(0,MIN(IF(_xlfn.MAXIFS(LG_IDX,LG_E,"عبدالعزيز",LG_INST,"<>",LG_D,"<="&القوائم!$I$11)=0,$D$10,INDEX(LG_INST,_xlfn.MAXIFS(LG_IDX,LG_E,"عبدالعزيز",LG_INST,"<>",LG_D,"<="&القوائم!$I$11))),$C$10+SUMIFS(LG_DEBT,LG_E,"عبدالعزيز",LG_D,"<="&القوائم!$I$11)-SUMIFS(LG_REP,LG_E,"عبدالعزيز",LG_D,"<="&القوائم!$I$11)-0,N(C32)+N(D32)-N(E32)-N(F32)))),"") -> 0 | H32: =IF(1<=NW,C32+D32-E32-F32-G32,"") -> 0 | J32: =IF(1<=NW,H32-N(I32),"") -> 0 | K32: =IF(1<=NW,MAX(0,$C$10+SUMIFS(LG_DEBT,LG_E,"عبدالعزيز",LG_D,"<="&القوائم!$I$11)-SUMIFS(LG_REP,LG_E,"عبدالعزيز",LG_D,"<="&القوائم!$I$11)-SUM(G32:G32)),"") -> 0
A33: =IF(2<=NW,"الأسبوع الثاني","") -> الأسبوع الثاني | B33: =IF(2<=NW,N('ساعات عبدالعزيز'!E24),"") -> 0 | C33: =IF(2<=NW,N('ساعات عبدالعزيز'!F25),"") -> 0 | D33: =IF(2<=NW,0,"") -> 0 | E33: =IF(2<=NW,N('ساعات عبدالعزيز'!H24),"") -> 0 | F33: =IF(2<=NW,SUMIFS(ADV_AMT,ADV_E,"عبدالعزيز",ADV_D,">="&القوائم!$H$12,ADV_D,"<="&القوائم!$I$12),"") -> 0 | G33: =IF(2<=NW,IF(N(C33)=0,0,MAX(0,MIN(IF(_xlfn.MAXIFS(LG_IDX,LG_E,"عبدالعزيز",LG_INST,"<>",LG_D,"<="&القوائم!$I$12)=0,$D$10,INDEX(LG_INST,_xlfn.MAXIFS(LG_IDX,LG_E,"عبدالعزيز",LG_INST,"<>",LG_D,"<="&القوائم!$I$12))),$C$10+SUMIFS(LG_DEBT,LG_E,"عبدالعزيز",LG_D,"<="&القوائم!$I$12)-SUMIFS(LG_REP,LG_E,"عبدالعزيز",LG_D,"<="&القوائم!$I$12)-SUM(G32:G32),N(C33)+N(D33)-N(E33)-N(F33)))),"") -> 0 | H33: =IF(2<=NW,C33+D33-E33-F33-G33,"") -> 0 | J33: =IF(2<=NW,H33-N(I33),"") -> 0 | K33: =IF(2<=NW,MAX(0,$C$10+SUMIFS(LG_DEBT,LG_E,"عبدالعزيز",LG_D,"<="&القوائم!$I$12)-SUMIFS(LG_REP,LG_E,"عبدالعزيز",LG_D,"<="&القوائم!$I$12)-SUM(G32:G33)),"") -> 0
A34: =IF(3<=NW,"الأسبوع الثالث","") -> الأسبوع الثالث | B34: =IF(3<=NW,N('ساعات عبدالعزيز'!E34),"") -> 0 | C34: =IF(3<=NW,N('ساعات عبدالعزيز'!F35),"") -> 0 | D34: =IF(3<=NW,0,"") -> 0 | E34: =IF(3<=NW,N('ساعات عبدالعزيز'!H34),"") -> 0 | F34: =IF(3<=NW,SUMIFS(ADV_AMT,ADV_E,"عبدالعزيز",ADV_D,">="&القوائم!$H$13,ADV_D,"<="&القوائم!$I$13),"") -> 0 | G34: =IF(3<=NW,IF(N(C34)=0,0,MAX(0,MIN(IF(_xlfn.MAXIFS(LG_IDX,LG_E,"عبدالعزيز",LG_INST,"<>",LG_D,"<="&القوائم!$I$13)=0,$D$10,INDEX(LG_INST,_xlfn.MAXIFS(LG_IDX,LG_E,"عبدالعزيز",LG_INST,"<>",LG_D,"<="&القوائم!$I$13))),$C$10+SUMIFS(LG_DEBT,LG_E,"عبدالعزيز",LG_D,"<="&القوائم!$I$13)-SUMIFS(LG_REP,LG_E,"عبدالعزيز",LG_D,"<="&القوائم!$I$13)-SUM(G32:G33),N(C34)+N(D34)-N(E34)-N(F34)))),"") -> 0 | H34: =IF(3<=NW,C34+D34-E34-F34-G34,"") -> 0 | J34: =IF(3<=NW,H34-N(I34),"") -> 0 | K34: =IF(3<=NW,MAX(0,$C$10+SUMIFS(LG_DEBT,LG_E,"عبدالعزيز",LG_D,"<="&القوائم!$I$13)-SUMIFS(LG_REP,LG_E,"عبدالعزيز",LG_D,"<="&القوائم!$I$13)-SUM(G32:G34)),"") -> 0
A35: =IF(4<=NW,"الأسبوع الرابع","") -> الأسبوع الرابع | B35: =IF(4<=NW,N('ساعات عبدالعزيز'!E44),"") -> 0 | C35: =IF(4<=NW,N('ساعات عبدالعزيز'!F45),"") -> 0 | D35: =IF(4<=NW,0,"") -> 0 | E35: =IF(4<=NW,N('ساعات عبدالعزيز'!H44),"") -> 0 | F35: =IF(4<=NW,SUMIFS(ADV_AMT,ADV_E,"عبدالعزيز",ADV_D,">="&القوائم!$H$14,ADV_D,"<="&القوائم!$I$14),"") -> 0 | G35: =IF(4<=NW,IF(N(C35)=0,0,MAX(0,MIN(IF(_xlfn.MAXIFS(LG_IDX,LG_E,"عبدالعزيز",LG_INST,"<>",LG_D,"<="&القوائم!$I$14)=0,$D$10,INDEX(LG_INST,_xlfn.MAXIFS(LG_IDX,LG_E,"عبدالعزيز",LG_INST,"<>",LG_D,"<="&القوائم!$I$14))),$C$10+SUMIFS(LG_DEBT,LG_E,"عبدالعزيز",LG_D,"<="&القوائم!$I$14)-SUMIFS(LG_REP,LG_E,"عبدالعزيز",LG_D,"<="&القوائم!$I$14)-SUM(G32:G34),N(C35)+N(D35)-N(E35)-N(F35)))),"") -> 0 | H35: =IF(4<=NW,C35+D35-E35-F35-G35,"") -> 0 | J35: =IF(4<=NW,H35-N(I35),"") -> 0 | K35: =IF(4<=NW,MAX(0,$C$10+SUMIFS(LG_DEBT,LG_E,"عبدالعزيز",LG_D,"<="&القوائم!$I$14)-SUMIFS(LG_REP,LG_E,"عبدالعزيز",LG_D,"<="&القوائم!$I$14)-SUM(G32:G35)),"") -> 0
A36: =IF(5<=NW,"الأسبوع الخامس","") -> الأسبوع الخامس | B36: =IF(5<=NW,N('ساعات عبدالعزيز'!E54),"") -> 0 | C36: =IF(5<=NW,N('ساعات عبدالعزيز'!F55),"") -> 0 | D36: =IF(5<=NW,0,"") -> 0 | E36: =IF(5<=NW,N('ساعات عبدالعزيز'!H54),"") -> 0 | F36: =IF(5<=NW,SUMIFS(ADV_AMT,ADV_E,"عبدالعزيز",ADV_D,">="&القوائم!$H$15,ADV_D,"<="&القوائم!$I$15),"") -> 0 | G36: =IF(5<=NW,IF(N(C36)=0,0,MAX(0,MIN(IF(_xlfn.MAXIFS(LG_IDX,LG_E,"عبدالعزيز",LG_INST,"<>",LG_D,"<="&القوائم!$I$15)=0,$D$10,INDEX(LG_INST,_xlfn.MAXIFS(LG_IDX,LG_E,"عبدالعزيز",LG_INST,"<>",LG_D,"<="&القوائم!$I$15))),$C$10+SUMIFS(LG_DEBT,LG_E,"عبدالعزيز",LG_D,"<="&القوائم!$I$15)-SUMIFS(LG_REP,LG_E,"عبدالعزيز",LG_D,"<="&القوائم!$I$15)-SUM(G32:G35),N(C36)+N(D36)-N(E36)-N(F36)))),"") -> 0 | H36: =IF(5<=NW,C36+D36-E36-F36-G36,"") -> 0 | J36: =IF(5<=NW,H36-N(I36),"") -> 0 | K36: =IF(5<=NW,MAX(0,$C$10+SUMIFS(LG_DEBT,LG_E,"عبدالعزيز",LG_D,"<="&القوائم!$I$15)-SUMIFS(LG_REP,LG_E,"عبدالعزيز",LG_D,"<="&القوائم!$I$15)-SUM(G32:G36)),"") -> 0
A37: =IF(6<=NW,"الأسبوع السادس","") -> الأسبوع السادس | B37: =IF(6<=NW,N('ساعات عبدالعزيز'!E64),"") -> 0 | C37: =IF(6<=NW,N('ساعات عبدالعزيز'!F65),"") -> 0 | D37: =IF(6<=NW,0,"") -> 0 | E37: =IF(6<=NW,N('ساعات عبدالعزيز'!H64),"") -> 0 | F37: =IF(6<=NW,SUMIFS(ADV_AMT,ADV_E,"عبدالعزيز",ADV_D,">="&القوائم!$H$16,ADV_D,"<="&القوائم!$I$16),"") -> 0 | G37: =IF(6<=NW,IF(N(C37)=0,0,MAX(0,MIN(IF(_xlfn.MAXIFS(LG_IDX,LG_E,"عبدالعزيز",LG_INST,"<>",LG_D,"<="&القوائم!$I$16)=0,$D$10,INDEX(LG_INST,_xlfn.MAXIFS(LG_IDX,LG_E,"عبدالعزيز",LG_INST,"<>",LG_D,"<="&القوائم!$I$16))),$C$10+SUMIFS(LG_DEBT,LG_E,"عبدالعزيز",LG_D,"<="&القوائم!$I$16)-SUMIFS(LG_REP,LG_E,"عبدالعزيز",LG_D,"<="&القوائم!$I$16)-SUM(G32:G36),N(C37)+N(D37)-N(E37)-N(F37)))),"") -> 0 | H37: =IF(6<=NW,C37+D37-E37-F37-G37,"") -> 0 | J37: =IF(6<=NW,H37-N(I37),"") -> 0 | K37: =IF(6<=NW,MAX(0,$C$10+SUMIFS(LG_DEBT,LG_E,"عبدالعزيز",LG_D,"<="&القوائم!$I$16)-SUMIFS(LG_REP,LG_E,"عبدالعزيز",LG_D,"<="&القوائم!$I$16)-SUM(G32:G37)),"") -> 0
A38: مجموع الشهر | B38: =SUM(B32:B37) -> 0 | C38: =SUM(C32:C37) -> 0 | D38: =SUM(D32:D37) -> 0 | E38: =SUM(E32:E37) -> 0 | F38: =SUM(F32:F37) -> 0 | G38: =SUM(G32:G37) -> 0 | H38: =SUM(H32:H37) -> 0 | I38: =SUM(I32:I37) -> 0 | J38: =SUM(J32:J37) -> 0 | K38: =MAX(0,$C$10+SUMIFS(LG_DEBT,LG_E,"عبدالعزيز")-SUMIFS(LG_REP,LG_E,"عبدالعزيز")-G38) -> 0
A41: إقفال الشهر — هالأرقام بتنكتب بـ«افتتاح الشهر» بملف الشهر الجاي
A42: الموظف | B42: مستحق له لسا ما قبضه (دينار) | C42: قرض أو دين متبقي عليه (دينار) | D42: القسط الأسبوعي (دينار)
A43: عمر المصري | B43: =I28 -> 0 | C43: =$C$9+SUMIFS(LG_DEBT,LG_E,A43)-SUMIFS(LG_REP,LG_E,A43)-F28 -> 0 | D43: =IF(C43>0,IF(_xlfn.MAXIFS(LG_IDX,LG_E,"عمر المصري",LG_INST,"<>",LG_D,"<="&MEND)=0,$D$9,INDEX(LG_INST,_xlfn.MAXIFS(LG_IDX,LG_E,"عمر المصري",LG_INST,"<>",LG_D,"<="&MEND))),0) -> 0 | E43: =IF(B43>0.0005,"المحل لسا مدين إله بـ "&TEXT(B43,"0.000"),IF(B43<-0.0005,"قبض زيادة "&TEXT(-B43,"0.000")&" — بتنخصم الشهر الجاي","ما إله شي"))&IF(C43>0.0005," · وعليه دين "&TEXT(C43,"0.000"),"") -> ما إله شي
A44: عبدالعزيز | B44: =J38 -> 0 | C44: =$C$10+SUMIFS(LG_DEBT,LG_E,A44)-SUMIFS(LG_REP,LG_E,A44)-G38 -> 0 | D44: =IF(C44>0,IF(_xlfn.MAXIFS(LG_IDX,LG_E,"عبدالعزيز",LG_INST,"<>",LG_D,"<="&MEND)=0,$D$10,INDEX(LG_INST,_xlfn.MAXIFS(LG_IDX,LG_E,"عبدالعزيز",LG_INST,"<>",LG_D,"<="&MEND))),0) -> 0 | E44: =IF(B44>0.0005,"المحل لسا مدين إله بـ "&TEXT(B44,"0.000"),IF(B44<-0.0005,"قبض زيادة "&TEXT(-B44,"0.000")&" — بتنخصم الشهر الجاي","ما إله شي"))&IF(C44>0.0005," · وعليه دين "&TEXT(C44,"0.000"),"") -> ما إله شي

Sheet ساعات عمر
A1: ساعات عمر المصري
A2: ="شهر "&TEXT(التسوية!$C$3,"00")&" / "&التسوية!$E$3&" (الشهر والسنة بتنختار من ورقة التسوية)" -> شهر 10 / 2026 (الشهر والسنة بتنختار من ورقة التسوية)
A3: اختر الدخول والخروج (AM/PM) — عدد الساعات والعادي والإضافي والمستحق بيطلعوا لحالهم. السبت–الخميس: بعد 6:00 PM إضافي @1.500 · الجمعة كل الساعات @1.250. ساعات تحميل الجبسمبورد بتنكتب مرة وحدة تحت كل أسبوع. مستحق الأسبوع بيتجبر لربع دينار.
A5: التاريخ | B5: اليوم | C5: دخول | D5: خروج | E5: عدد الساعات | F5: منها عادي | G5: منها إضافي | H5: المستحق (دينار) | I5: ملاحظات
A6: =IF(1<=NW,"الأسبوع الأول","") -> الأسبوع الأول
A7: =IF(AND(1<=NW,WFIRST+0>=MSTART,WFIRST+0<=MEND),WFIRST+0,"") | B7: =IF(A7="","",CHOOSE(WEEKDAY(A7,1),"الأحد","الاثنين","الثلاثاء","الأربعاء","الخميس","الجمعة","السبت")) | E7: =IF(OR(M7=0,K7="",L7=""),"",MOD(L7-K7,1)) | F7: =IF(OR(E7="",M7=0),"",IF(WEEKDAY(A7,1)=6,E7,MIN(E7,MAX(0,MIN(IF(L7<K7,L7+1,L7),OMR_OT_AT)-K7)))) | G7: =IF(OR(E7="",M7=0),"",MAX(0,E7-F7)) | H7: =IF(OR(E7="",M7=0),"",ROUND((F7*OMR_RATE+G7*OMR_OT)*24,3)) | K7: =IF(OR(M7=0,C7=""),"",IF(ISNUMBER(C7),MOD(C7,1),IFERROR(INDEX(القوائم!$B$1:$B$96,MATCH(TRIM(C7),القوائم!$A$1:$A$96,0)),IFERROR(MOD(TIMEVALUE(C7),1),"")))) | L7: =IF(OR(M7=0,D7=""),"",IF(ISNUMBER(D7),MOD(D7,1),IFERROR(INDEX(القوائم!$B$1:$B$96,MATCH(TRIM(D7),القوائم!$A$1:$A$96,0)),IFERROR(MOD(TIMEVALUE(D7),1),"")))) | M7: =IF(A7="",0,IF(AND(A7>=MSTART,A7<=MEND),1,0)) -> 0
A8: =IF(AND(1<=NW,WFIRST+1>=MSTART,WFIRST+1<=MEND),WFIRST+1,"") | B8: =IF(A8="","",CHOOSE(WEEKDAY(A8,1),"الأحد","الاثنين","الثلاثاء","الأربعاء","الخميس","الجمعة","السبت")) | E8: =IF(OR(M8=0,K8="",L8=""),"",MOD(L8-K8,1)) | F8: =IF(OR(E8="",M8=0),"",IF(WEEKDAY(A8,1)=6,E8,MIN(E8,MAX(0,MIN(IF(L8<K8,L8+1,L8),OMR_OT_AT)-K8)))) | G8: =IF(OR(E8="",M8=0),"",MAX(0,E8-F8)) | H8: =IF(OR(E8="",M8=0),"",ROUND((F8*OMR_RATE+G8*OMR_OT)*24,3)) | K8: =IF(OR(M8=0,C8=""),"",IF(ISNUMBER(C8),MOD(C8,1),IFERROR(INDEX(القوائم!$B$1:$B$96,MATCH(TRIM(C8),القوائم!$A$1:$A$96,0)),IFERROR(MOD(TIMEVALUE(C8),1),"")))) | L8: =IF(OR(M8=0,D8=""),"",IF(ISNUMBER(D8),MOD(D8,1),IFERROR(INDEX(القوائم!$B$1:$B$96,MATCH(TRIM(D8),القوائم!$A$1:$A$96,0)),IFERROR(MOD(TIMEVALUE(D8),1),"")))) | M8: =IF(A8="",0,IF(AND(A8>=MSTART,A8<=MEND),1,0)) -> 0
A9: =IF(AND(1<=NW,WFIRST+2>=MSTART,WFIRST+2<=MEND),WFIRST+2,"") | B9: =IF(A9="","",CHOOSE(WEEKDAY(A9,1),"الأحد","الاثنين","الثلاثاء","الأربعاء","الخميس","الجمعة","السبت")) | E9: =IF(OR(M9=0,K9="",L9=""),"",MOD(L9-K9,1)) | F9: =IF(OR(E9="",M9=0),"",IF(WEEKDAY(A9,1)=6,E9,MIN(E9,MAX(0,MIN(IF(L9<K9,L9+1,L9),OMR_OT_AT)-K9)))) | G9: =IF(OR(E9="",M9=0),"",MAX(0,E9-F9)) | H9: =IF(OR(E9="",M9=0),"",ROUND((F9*OMR_RATE+G9*OMR_OT)*24,3)) | K9: =IF(OR(M9=0,C9=""),"",IF(ISNUMBER(C9),MOD(C9,1),IFERROR(INDEX(القوائم!$B$1:$B$96,MATCH(TRIM(C9),القوائم!$A$1:$A$96,0)),IFERROR(MOD(TIMEVALUE(C9),1),"")))) | L9: =IF(OR(M9=0,D9=""),"",IF(ISNUMBER(D9),MOD(D9,1),IFERROR(INDEX(القوائم!$B$1:$B$96,MATCH(TRIM(D9),القوائم!$A$1:$A$96,0)),IFERROR(MOD(TIMEVALUE(D9),1),"")))) | M9: =IF(A9="",0,IF(AND(A9>=MSTART,A9<=MEND),1,0)) -> 0
A10: =IF(AND(1<=NW,WFIRST+3>=MSTART,WFIRST+3<=MEND),WFIRST+3,"") | B10: =IF(A10="","",CHOOSE(WEEKDAY(A10,1),"الأحد","الاثنين","الثلاثاء","الأربعاء","الخميس","الجمعة","السبت")) | E10: =IF(OR(M10=0,K10="",L10=""),"",MOD(L10-K10,1)) | F10: =IF(OR(E10="",M10=0),"",IF(WEEKDAY(A10,1)=6,E10,MIN(E10,MAX(0,MIN(IF(L10<K10,L10+1,L10),OMR_OT_AT)-K10)))) | G10: =IF(OR(E10="",M10=0),"",MAX(0,E10-F10)) | H10: =IF(OR(E10="",M10=0),"",ROUND((F10*OMR_RATE+G10*OMR_OT)*24,3)) | K10: =IF(OR(M10=0,C10=""),"",IF(ISNUMBER(C10),MOD(C10,1),IFERROR(INDEX(القوائم!$B$1:$B$96,MATCH(TRIM(C10),القوائم!$A$1:$A$96,0)),IFERROR(MOD(TIMEVALUE(C10),1),"")))) | L10: =IF(OR(M10=0,D10=""),"",IF(ISNUMBER(D10),MOD(D10,1),IFERROR(INDEX(القوائم!$B$1:$B$96,MATCH(TRIM(D10),القوائم!$A$1:$A$96,0)),IFERROR(MOD(TIMEVALUE(D10),1),"")))) | M10: =IF(A10="",0,IF(AND(A10>=MSTART,A10<=MEND),1,0)) -> 0
A11: =IF(AND(1<=NW,WFIRST+4>=MSTART,WFIRST+4<=MEND),WFIRST+4,"") | B11: =IF(A11="","",CHOOSE(WEEKDAY(A11,1),"الأحد","الاثنين","الثلاثاء","الأربعاء","الخميس","الجمعة","السبت")) | E11: =IF(OR(M11=0,K11="",L11=""),"",MOD(L11-K11,1)) | F11: =IF(OR(E11="",M11=0),"",IF(WEEKDAY(A11,1)=6,E11,MIN(E11,MAX(0,MIN(IF(L11<K11,L11+1,L11),OMR_OT_AT)-K11)))) | G11: =IF(OR(E11="",M11=0),"",MAX(0,E11-F11)) | H11: =IF(OR(E11="",M11=0),"",ROUND((F11*OMR_RATE+G11*OMR_OT)*24,3)) | K11: =IF(OR(M11=0,C11=""),"",IF(ISNUMBER(C11),MOD(C11,1),IFERROR(INDEX(القوائم!$B$1:$B$96,MATCH(TRIM(C11),القوائم!$A$1:$A$96,0)),IFERROR(MOD(TIMEVALUE(C11),1),"")))) | L11: =IF(OR(M11=0,D11=""),"",IF(ISNUMBER(D11),MOD(D11,1),IFERROR(INDEX(القوائم!$B$1:$B$96,MATCH(TRIM(D11),القوائم!$A$1:$A$96,0)),IFERROR(MOD(TIMEVALUE(D11),1),"")))) | M11: =IF(A11="",0,IF(AND(A11>=MSTART,A11<=MEND),1,0)) -> 0
A12: =IF(AND(1<=NW,WFIRST+5>=MSTART,WFIRST+5<=MEND),WFIRST+5,"") -> 46296 | B12: =IF(A12="","",CHOOSE(WEEKDAY(A12,1),"الأحد","الاثنين","الثلاثاء","الأربعاء","الخميس","الجمعة","السبت")) -> الخميس | E12: =IF(OR(M12=0,K12="",L12=""),"",MOD(L12-K12,1)) | F12: =IF(OR(E12="",M12=0),"",IF(WEEKDAY(A12,1)=6,E12,MIN(E12,MAX(0,MIN(IF(L12<K12,L12+1,L12),OMR_OT_AT)-K12)))) | G12: =IF(OR(E12="",M12=0),"",MAX(0,E12-F12)) | H12: =IF(OR(E12="",M12=0),"",ROUND((F12*OMR_RATE+G12*OMR_OT)*24,3)) | K12: =IF(OR(M12=0,C12=""),"",IF(ISNUMBER(C12),MOD(C12,1),IFERROR(INDEX(القوائم!$B$1:$B$96,MATCH(TRIM(C12),القوائم!$A$1:$A$96,0)),IFERROR(MOD(TIMEVALUE(C12),1),"")))) | L12: =IF(OR(M12=0,D12=""),"",IF(ISNUMBER(D12),MOD(D12,1),IFERROR(INDEX(القوائم!$B$1:$B$96,MATCH(TRIM(D12),القوائم!$A$1:$A$96,0)),IFERROR(MOD(TIMEVALUE(D12),1),"")))) | M12: =IF(A12="",0,IF(AND(A12>=MSTART,A12<=MEND),1,0)) -> 1
A13: =IF(AND(1<=NW,WFIRST+6>=MSTART,WFIRST+6<=MEND),WFIRST+6,"") -> 46297 | B13: =IF(A13="","",CHOOSE(WEEKDAY(A13,1),"الأحد","الاثنين","الثلاثاء","الأربعاء","الخميس","الجمعة","السبت")) -> الجمعة | E13: =IF(OR(M13=0,K13="",L13=""),"",MOD(L13-K13,1)) | F13: =IF(OR(E13="",M13=0),"",IF(WEEKDAY(A13,1)=6,E13,MIN(E13,MAX(0,MIN(IF(L13<K13,L13+1,L13),OMR_OT_AT)-K13)))) | G13: =IF(OR(E13="",M13=0),"",MAX(0,E13-F13)) | H13: =IF(OR(E13="",M13=0),"",ROUND((F13*OMR_RATE+G13*OMR_OT)*24,3)) | K13: =IF(OR(M13=0,C13=""),"",IF(ISNUMBER(C13),MOD(C13,1),IFERROR(INDEX(القوائم!$B$1:$B$96,MATCH(TRIM(C13),القوائم!$A$1:$A$96,0)),IFERROR(MOD(TIMEVALUE(C13),1),"")))) | L13: =IF(OR(M13=0,D13=""),"",IF(ISNUMBER(D13),MOD(D13,1),IFERROR(INDEX(القوائم!$B$1:$B$96,MATCH(TRIM(D13),القوائم!$A$1:$A$96,0)),IFERROR(MOD(TIMEVALUE(D13),1),"")))) | M13: =IF(A13="",0,IF(AND(A13>=MSTART,A13<=MEND),1,0)) -> 1
A14: =IF(1<=NW,"مجموع أيام الأسبوع الأول","") -> مجموع أيام الأسبوع الأول | E14: =IF(1<=NW,SUM(E7:E13),"") -> 0 | F14: =IF(1<=NW,SUM(F7:F13),"") -> 0 | G14: =IF(1<=NW,SUM(G7:G13),"") -> 0 | H14: =IF(1<=NW,SUM(H7:H13),"") -> 0
A15: =IF(1<=NW,"ساعات تحميل الجبسمبورد بهالأسبوع (رقم: 2 أو 1.5) ←","") -> ساعات تحميل الجبسمبورد بهالأسبوع (رقم: 2 أو 1.5) ← | F15: =IF(1<=NW,"المستحق النهائي للأسبوع (دينار) ←","") -> المستحق النهائي للأسبوع (دينار) ← | H15: =IF(1<=NW,IF(ROUND_MODE="للأعلى",CEILING(ROUND((N(H14)+N(E15)*(GYP_RATE-OMR_RATE)),3),0.25),ROUND((N(H14)+N(E15)*(GYP_RATE-OMR_RATE))*4,0)/4),"") -> 0 | I15: =IF(1<=NW,"قبل الجبر: "&TEXT(N(H14)+N(E15)*(GYP_RATE-OMR_RATE),"0.000"),"") -> قبل الجبر: 0.000
A16: =IF(2<=NW,"الأسبوع الثاني","") -> الأسبوع الثاني
A17: =IF(AND(2<=NW,WFIRST+7>=MSTART,WFIRST+7<=MEND),WFIRST+7,"") -> 46298 | B17: =IF(A17="","",CHOOSE(WEEKDAY(A17,1),"الأحد","الاثنين","الثلاثاء","الأربعاء","الخميس","الجمعة","السبت")) -> السبت | E17: =IF(OR(M17=0,K17="",L17=""),"",MOD(L17-K17,1)) | F17: =IF(OR(E17="",M17=0),"",IF(WEEKDAY(A17,1)=6,E17,MIN(E17,MAX(0,MIN(IF(L17<K17,L17+1,L17),OMR_OT_AT)-K17)))) | G17: =IF(OR(E17="",M17=0),"",MAX(0,E17-F17)) | H17: =IF(OR(E17="",M17=0),"",ROUND((F17*OMR_RATE+G17*OMR_OT)*24,3)) | K17: =IF(OR(M17=0,C17=""),"",IF(ISNUMBER(C17),MOD(C17,1),IFERROR(INDEX(القوائم!$B$1:$B$96,MATCH(TRIM(C17),القوائم!$A$1:$A$96,0)),IFERROR(MOD(TIMEVALUE(C17),1),"")))) | L17: =IF(OR(M17=0,D17=""),"",IF(ISNUMBER(D17),MOD(D17,1),IFERROR(INDEX(القوائم!$B$1:$B$96,MATCH(TRIM(D17),القوائم!$A$1:$A$96,0)),IFERROR(MOD(TIMEVALUE(D17),1),"")))) | M17: =IF(A17="",0,IF(AND(A17>=MSTART,A17<=MEND),1,0)) -> 1
A18: =IF(AND(2<=NW,WFIRST+8>=MSTART,WFIRST+8<=MEND),WFIRST+8,"") -> 46299 | B18: =IF(A18="","",CHOOSE(WEEKDAY(A18,1),"الأحد","الاثنين","الثلاثاء","الأربعاء","الخميس","الجمعة","السبت")) -> الأحد | E18: =IF(OR(M18=0,K18="",L18=""),"",MOD(L18-K18,1)) | F18: =IF(OR(E18="",M18=0),"",IF(WEEKDAY(A18,1)=6,E18,MIN(E18,MAX(0,MIN(IF(L18<K18,L18+1,L18),OMR_OT_AT)-K18)))) | G18: =IF(OR(E18="",M18=0),"",MAX(0,E18-F18)) | H18: =IF(OR(E18="",M18=0),"",ROUND((F18*OMR_RATE+G18*OMR_OT)*24,3)) | K18: =IF(OR(M18=0,C18=""),"",IF(ISNUMBER(C18),MOD(C18,1),IFERROR(INDEX(القوائم!$B$1:$B$96,MATCH(TRIM(C18),القوائم!$A$1:$A$96,0)),IFERROR(MOD(TIMEVALUE(C18),1),"")))) | L18: =IF(OR(M18=0,D18=""),"",IF(ISNUMBER(D18),MOD(D18,1),IFERROR(INDEX(القوائم!$B$1:$B$96,MATCH(TRIM(D18),القوائم!$A$1:$A$96,0)),IFERROR(MOD(TIMEVALUE(D18),1),"")))) | M18: =IF(A18="",0,IF(AND(A18>=MSTART,A18<=MEND),1,0)) -> 1
A19: =IF(AND(2<=NW,WFIRST+9>=MSTART,WFIRST+9<=MEND),WFIRST+9,"") -> 46300 | B19: =IF(A19="","",CHOOSE(WEEKDAY(A19,1),"الأحد","الاثنين","الثلاثاء","الأربعاء","الخميس","الجمعة","السبت")) -> الاثنين | E19: =IF(OR(M19=0,K19="",L19=""),"",MOD(L19-K19,1)) | F19: =IF(OR(E19="",M19=0),"",IF(WEEKDAY(A19,1)=6,E19,MIN(E19,MAX(0,MIN(IF(L19<K19,L19+1,L19),OMR_OT_AT)-K19)))) | G19: =IF(OR(E19="",M19=0),"",MAX(0,E19-F19)) | H19: =IF(OR(E19="",M19=0),"",ROUND((F19*OMR_RATE+G19*OMR_OT)*24,3)) | K19: =IF(OR(M19=0,C19=""),"",IF(ISNUMBER(C19),MOD(C19,1),IFERROR(INDEX(القوائم!$B$1:$B$96,MATCH(TRIM(C19),القوائم!$A$1:$A$96,0)),IFERROR(MOD(TIMEVALUE(C19),1),"")))) | L19: =IF(OR(M19=0,D19=""),"",IF(ISNUMBER(D19),MOD(D19,1),IFERROR(INDEX(القوائم!$B$1:$B$96,MATCH(TRIM(D19),القوائم!$A$1:$A$96,0)),IFERROR(MOD(TIMEVALUE(D19),1),"")))) | M19: =IF(A19="",0,IF(AND(A19>=MSTART,A19<=MEND),1,0)) -> 1
A20: =IF(AND(2<=NW,WFIRST+10>=MSTART,WFIRST+10<=MEND),WFIRST+10,"") -> 46301 | B20: =IF(A20="","",CHOOSE(WEEKDAY(A20,1),"الأحد","الاثنين","الثلاثاء","الأربعاء","الخميس","الجمعة","السبت")) -> الثلاثاء | E20: =IF(OR(M20=0,K20="",L20=""),"",MOD(L20-K20,1)) | F20: =IF(OR(E20="",M20=0),"",IF(WEEKDAY(A20,1)=6,E20,MIN(E20,MAX(0,MIN(IF(L20<K20,L20+1,L20),OMR_OT_AT)-K20)))) | G20: =IF(OR(E20="",M20=0),"",MAX(0,E20-F20)) | H20: =IF(OR(E20="",M20=0),"",ROUND((F20*OMR_RATE+G20*OMR_OT)*24,3)) | K20: =IF(OR(M20=0,C20=""),"",IF(ISNUMBER(C20),MOD(C20,1),IFERROR(INDEX(القوائم!$B$1:$B$96,MATCH(TRIM(C20),القوائم!$A$1:$A$96,0)),IFERROR(MOD(TIMEVALUE(C20),1),"")))) | L20: =IF(OR(M20=0,D20=""),"",IF(ISNUMBER(D20),MOD(D20,1),IFERROR(INDEX(القوائم!$B$1:$B$96,MATCH(TRIM(D20),القوائم!$A$1:$A$96,0)),IFERROR(MOD(TIMEVALUE(D20),1),"")))) | M20: =IF(A20="",0,IF(AND(A20>=MSTART,A20<=MEND),1,0)) -> 1
A21: =IF(AND(2<=NW,WFIRST+11>=MSTART,WFIRST+11<=MEND),WFIRST+11,"") -> 46302 | B21: =IF(A21="","",CHOOSE(WEEKDAY(A21,1),"الأحد","الاثنين","الثلاثاء","الأربعاء","الخميس","الجمعة","السبت")) -> الأربعاء | E21: =IF(OR(M21=0,K21="",L21=""),"",MOD(L21-K21,1)) | F21: =IF(OR(E21="",M21=0),"",IF(WEEKDAY(A21,1)=6,E21,MIN(E21,MAX(0,MIN(IF(L21<K21,L21+1,L21),OMR_OT_AT)-K21)))) | G21: =IF(OR(E21="",M21=0),"",MAX(0,E21-F21)) | H21: =IF(OR(E21="",M21=0),"",ROUND((F21*OMR_RATE+G21*OMR_OT)*24,3)) | K21: =IF(OR(M21=0,C21=""),"",IF(ISNUMBER(C21),MOD(C21,1),IFERROR(INDEX(القوائم!$B$1:$B$96,MATCH(TRIM(C21),القوائم!$A$1:$A$96,0)),IFERROR(MOD(TIMEVALUE(C21),1),"")))) | L21: =IF(OR(M21=0,D21=""),"",IF(ISNUMBER(D21),MOD(D21,1),IFERROR(INDEX(القوائم!$B$1:$B$96,MATCH(TRIM(D21),القوائم!$A$1:$A$96,0)),IFERROR(MOD(TIMEVALUE(D21),1),"")))) | M21: =IF(A21="",0,IF(AND(A21>=MSTART,A21<=MEND),1,0)) -> 1
A22: =IF(AND(2<=NW,WFIRST+12>=MSTART,WFIRST+12<=MEND),WFIRST+12,"") -> 46303 | B22: =IF(A22="","",CHOOSE(WEEKDAY(A22,1),"الأحد","الاثنين","الثلاثاء","الأربعاء","الخميس","الجمعة","السبت")) -> الخميس | E22: =IF(OR(M22=0,K22="",L22=""),"",MOD(L22-K22,1)) | F22: =IF(OR(E22="",M22=0),"",IF(WEEKDAY(A22,1)=6,E22,MIN(E22,MAX(0,MIN(IF(L22<K22,L22+1,L22),OMR_OT_AT)-K22)))) | G22: =IF(OR(E22="",M22=0),"",MAX(0,E22-F22)) | H22: =IF(OR(E22="",M22=0),"",ROUND((F22*OMR_RATE+G22*OMR_OT)*24,3)) | K22: =IF(OR(M22=0,C22=""),"",IF(ISNUMBER(C22),MOD(C22,1),IFERROR(INDEX(القوائم!$B$1:$B$96,MATCH(TRIM(C22),القوائم!$A$1:$A$96,0)),IFERROR(MOD(TIMEVALUE(C22),1),"")))) | L22: =IF(OR(M22=0,D22=""),"",IF(ISNUMBER(D22),MOD(D22,1),IFERROR(INDEX(القوائم!$B$1:$B$96,MATCH(TRIM(D22),القوائم!$A$1:$A$96,0)),IFERROR(MOD(TIMEVALUE(D22),1),"")))) | M22: =IF(A22="",0,IF(AND(A22>=MSTART,A22<=MEND),1,0)) -> 1
A23: =IF(AND(2<=NW,WFIRST+13>=MSTART,WFIRST+13<=MEND),WFIRST+13,"") -> 46304 | B23: =IF(A23="","",CHOOSE(WEEKDAY(A23,1),"الأحد","الاثنين","الثلاثاء","الأربعاء","الخميس","الجمعة","السبت")) -> الجمعة | E23: =IF(OR(M23=0,K23="",L23=""),"",MOD(L23-K23,1)) | F23: =IF(OR(E23="",M23=0),"",IF(WEEKDAY(A23,1)=6,E23,MIN(E23,MAX(0,MIN(IF(L23<K23,L23+1,L23),OMR_OT_AT)-K23)))) | G23: =IF(OR(E23="",M23=0),"",MAX(0,E23-F23)) | H23: =IF(OR(E23="",M23=0),"",ROUND((F23*OMR_RATE+G23*OMR_OT)*24,3)) | K23: =IF(OR(M23=0,C23=""),"",IF(ISNUMBER(C23),MOD(C23,1),IFERROR(INDEX(القوائم!$B$1:$B$96,MATCH(TRIM(C23),القوائم!$A$1:$A$96,0)),IFERROR(MOD(TIMEVALUE(C23),1),"")))) | L23: =IF(OR(M23=0,D23=""),"",IF(ISNUMBER(D23),MOD(D23,1),IFERROR(INDEX(القوائم!$B$1:$B$96,MATCH(TRIM(D23),القوائم!$A$1:$A$96,0)),IFERROR(MOD(TIMEVALUE(D23),1),"")))) | M23: =IF(A23="",0,IF(AND(A23>=MSTART,A23<=MEND),1,0)) -> 1
A24: =IF(2<=NW,"مجموع أيام الأسبوع الثاني","") -> مجموع أيام الأسبوع الثاني | E24: =IF(2<=NW,SUM(E17:E23),"") -> 0 | F24: =IF(2<=NW,SUM(F17:F23),"") -> 0 | G24: =IF(2<=NW,SUM(G17:G23),"") -> 0 | H24: =IF(2<=NW,SUM(H17:H23),"") -> 0
A25: =IF(2<=NW,"ساعات تحميل الجبسمبورد بهالأسبوع (رقم: 2 أو 1.5) ←","") -> ساعات تحميل الجبسمبورد بهالأسبوع (رقم: 2 أو 1.5) ← | F25: =IF(2<=NW,"المستحق النهائي للأسبوع (دينار) ←","") -> المستحق النهائي للأسبوع (دينار) ← | H25: =IF(2<=NW,IF(ROUND_MODE="للأعلى",CEILING(ROUND((N(H24)+N(E25)*(GYP_RATE-OMR_RATE)),3),0.25),ROUND((N(H24)+N(E25)*(GYP_RATE-OMR_RATE))*4,0)/4),"") -> 0 | I25: =IF(2<=NW,"قبل الجبر: "&TEXT(N(H24)+N(E25)*(GYP_RATE-OMR_RATE),"0.000"),"") -> قبل الجبر: 0.000
A26: =IF(3<=NW,"الأسبوع الثالث","") -> الأسبوع الثالث
A27: =IF(AND(3<=NW,WFIRST+14>=MSTART,WFIRST+14<=MEND),WFIRST+14,"") -> 46305 | B27: =IF(A27="","",CHOOSE(WEEKDAY(A27,1),"الأحد","الاثنين","الثلاثاء","الأربعاء","الخميس","الجمعة","السبت")) -> السبت | E27: =IF(OR(M27=0,K27="",L27=""),"",MOD(L27-K27,1)) | F27: =IF(OR(E27="",M27=0),"",IF(WEEKDAY(A27,1)=6,E27,MIN(E27,MAX(0,MIN(IF(L27<K27,L27+1,L27),OMR_OT_AT)-K27)))) | G27: =IF(OR(E27="",M27=0),"",MAX(0,E27-F27)) | H27: =IF(OR(E27="",M27=0),"",ROUND((F27*OMR_RATE+G27*OMR_OT)*24,3)) | K27: =IF(OR(M27=0,C27=""),"",IF(ISNUMBER(C27),MOD(C27,1),IFERROR(INDEX(القوائم!$B$1:$B$96,MATCH(TRIM(C27),القوائم!$A$1:$A$96,0)),IFERROR(MOD(TIMEVALUE(C27),1),"")))) | L27: =IF(OR(M27=0,D27=""),"",IF(ISNUMBER(D27),MOD(D27,1),IFERROR(INDEX(القوائم!$B$1:$B$96,MATCH(TRIM(D27),القوائم!$A$1:$A$96,0)),IFERROR(MOD(TIMEVALUE(D27),1),"")))) | M27: =IF(A27="",0,IF(AND(A27>=MSTART,A27<=MEND),1,0)) -> 1
A28: =IF(AND(3<=NW,WFIRST+15>=MSTART,WFIRST+15<=MEND),WFIRST+15,"") -> 46306 | B28: =IF(A28="","",CHOOSE(WEEKDAY(A28,1),"الأحد","الاثنين","الثلاثاء","الأربعاء","الخميس","الجمعة","السبت")) -> الأحد | E28: =IF(OR(M28=0,K28="",L28=""),"",MOD(L28-K28,1)) | F28: =IF(OR(E28="",M28=0),"",IF(WEEKDAY(A28,1)=6,E28,MIN(E28,MAX(0,MIN(IF(L28<K28,L28+1,L28),OMR_OT_AT)-K28)))) | G28: =IF(OR(E28="",M28=0),"",MAX(0,E28-F28)) | H28: =IF(OR(E28="",M28=0),"",ROUND((F28*OMR_RATE+G28*OMR_OT)*24,3)) | K28: =IF(OR(M28=0,C28=""),"",IF(ISNUMBER(C28),MOD(C28,1),IFERROR(INDEX(القوائم!$B$1:$B$96,MATCH(TRIM(C28),القوائم!$A$1:$A$96,0)),IFERROR(MOD(TIMEVALUE(C28),1),"")))) | L28: =IF(OR(M28=0,D28=""),"",IF(ISNUMBER(D28),MOD(D28,1),IFERROR(INDEX(القوائم!$B$1:$B$96,MATCH(TRIM(D28),القوائم!$A$1:$A$96,0)),IFERROR(MOD(TIMEVALUE(D28),1),"")))) | M28: =IF(A28="",0,IF(AND(A28>=MSTART,A28<=MEND),1,0)) -> 1
A29: =IF(AND(3<=NW,WFIRST+16>=MSTART,WFIRST+16<=MEND),WFIRST+16,"") -> 46307 | B29: =IF(A29="","",CHOOSE(WEEKDAY(A29,1),"الأحد","الاثنين","الثلاثاء","الأربعاء","الخميس","الجمعة","السبت")) -> الاثنين | E29: =IF(OR(M29=0,K29="",L29=""),"",MOD(L29-K29,1)) | F29: =IF(OR(E29="",M29=0),"",IF(WEEKDAY(A29,1)=6,E29,MIN(E29,MAX(0,MIN(IF(L29<K29,L29+1,L29),OMR_OT_AT)-K29)))) | G29: =IF(OR(E29="",M29=0),"",MAX(0,E29-F29)) | H29: =IF(OR(E29="",M29=0),"",ROUND((F29*OMR_RATE+G29*OMR_OT)*24,3)) | K29: =IF(OR(M29=0,C29=""),"",IF(ISNUMBER(C29),MOD(C29,1),IFERROR(INDEX(القوائم!$B$1:$B$96,MATCH(TRIM(C29),القوائم!$A$1:$A$96,0)),IFERROR(MOD(TIMEVALUE(C29),1),"")))) | L29: =IF(OR(M29=0,D29=""),"",IF(ISNUMBER(D29),MOD(D29,1),IFERROR(INDEX(القوائم!$B$1:$B$96,MATCH(TRIM(D29),القوائم!$A$1:$A$96,0)),IFERROR(MOD(TIMEVALUE(D29),1),"")))) | M29: =IF(A29="",0,IF(AND(A29>=MSTART,A29<=MEND),1,0)) -> 1
A30: =IF(AND(3<=NW,WFIRST+17>=MSTART,WFIRST+17<=MEND),WFIRST+17,"") -> 46308 | B30: =IF(A30="","",CHOOSE(WEEKDAY(A30,1),"الأحد","الاثنين","الثلاثاء","الأربعاء","الخميس","الجمعة","السبت")) -> الثلاثاء | E30: =IF(OR(M30=0,K30="",L30=""),"",MOD(L30-K30,1)) | F30: =IF(OR(E30="",M30=0),"",IF(WEEKDAY(A30,1)=6,E30,MIN(E30,MAX(0,MIN(IF(L30<K30,L30+1,L30),OMR_OT_AT)-K30)))) | G30: =IF(OR(E30="",M30=0),"",MAX(0,E30-F30)) | H30: =IF(OR(E30="",M30=0),"",ROUND((F30*OMR_RATE+G30*OMR_OT)*24,3)) | K30: =IF(OR(M30=0,C30=""),"",IF(ISNUMBER(C30),MOD(C30,1),IFERROR(INDEX(القوائم!$B$1:$B$96,MATCH(TRIM(C30),القوائم!$A$1:$A$96,0)),IFERROR(MOD(TIMEVALUE(C30),1),"")))) | L30: =IF(OR(M30=0,D30=""),"",IF(ISNUMBER(D30),MOD(D30,1),IFERROR(INDEX(القوائم!$B$1:$B$96,MATCH(TRIM(D30),القوائم!$A$1:$A$96,0)),IFERROR(MOD(TIMEVALUE(D30),1),"")))) | M30: =IF(A30="",0,IF(AND(A30>=MSTART,A30<=MEND),1,0)) -> 1
A31: =IF(AND(3<=NW,WFIRST+18>=MSTART,WFIRST+18<=MEND),WFIRST+18,"") -> 46309 | B31: =IF(A31="","",CHOOSE(WEEKDAY(A31,1),"الأحد","الاثنين","الثلاثاء","الأربعاء","الخميس","الجمعة","السبت")) -> الأربعاء | E31: =IF(OR(M31=0,K31="",L31=""),"",MOD(L31-K31,1)) | F31: =IF(OR(E31="",M31=0),"",IF(WEEKDAY(A31,1)=6,E31,MIN(E31,MAX(0,MIN(IF(L31<K31,L31+1,L31),OMR_OT_AT)-K31)))) | G31: =IF(OR(E31="",M31=0),"",MAX(0,E31-F31)) | H31: =IF(OR(E31="",M31=0),"",ROUND((F31*OMR_RATE+G31*OMR_OT)*24,3)) | K31: =IF(OR(M31=0,C31=""),"",IF(ISNUMBER(C31),MOD(C31,1),IFERROR(INDEX(القوائم!$B$1:$B$96,MATCH(TRIM(C31),القوائم!$A$1:$A$96,0)),IFERROR(MOD(TIMEVALUE(C31),1),"")))) | L31: =IF(OR(M31=0,D31=""),"",IF(ISNUMBER(D31),MOD(D31,1),IFERROR(INDEX(القوائم!$B$1:$B$96,MATCH(TRIM(D31),القوائم!$A$1:$A$96,0)),IFERROR(MOD(TIMEVALUE(D31),1),"")))) | M31: =IF(A31="",0,IF(AND(A31>=MSTART,A31<=MEND),1,0)) -> 1
A32: =IF(AND(3<=NW,WFIRST+19>=MSTART,WFIRST+19<=MEND),WFIRST+19,"") -> 46310 | B32: =IF(A32="","",CHOOSE(WEEKDAY(A32,1),"الأحد","الاثنين","الثلاثاء","الأربعاء","الخميس","الجمعة","السبت")) -> الخميس | E32: =IF(OR(M32=0,K32="",L32=""),"",MOD(L32-K32,1)) | F32: =IF(OR(E32="",M32=0),"",IF(WEEKDAY(A32,1)=6,E32,MIN(E32,MAX(0,MIN(IF(L32<K32,L32+1,L32),OMR_OT_AT)-K32)))) | G32: =IF(OR(E32="",M32=0),"",MAX(0,E32-F32)) | H32: =IF(OR(E32="",M32=0),"",ROUND((F32*OMR_RATE+G32*OMR_OT)*24,3)) | K32: =IF(OR(M32=0,C32=""),"",IF(ISNUMBER(C32),MOD(C32,1),IFERROR(INDEX(القوائم!$B$1:$B$96,MATCH(TRIM(C32),القوائم!$A$1:$A$96,0)),IFERROR(MOD(TIMEVALUE(C32),1),"")))) | L32: =IF(OR(M32=0,D32=""),"",IF(ISNUMBER(D32),MOD(D32,1),IFERROR(INDEX(القوائم!$B$1:$B$96,MATCH(TRIM(D32),القوائم!$A$1:$A$96,0)),IFERROR(MOD(TIMEVALUE(D32),1),"")))) | M32: =IF(A32="",0,IF(AND(A32>=MSTART,A32<=MEND),1,0)) -> 1
A33: =IF(AND(3<=NW,WFIRST+20>=MSTART,WFIRST+20<=MEND),WFIRST+20,"") -> 46311 | B33: =IF(A33="","",CHOOSE(WEEKDAY(A33,1),"الأحد","الاثنين","الثلاثاء","الأربعاء","الخميس","الجمعة","السبت")) -> الجمعة | E33: =IF(OR(M33=0,K33="",L33=""),"",MOD(L33-K33,1)) | F33: =IF(OR(E33="",M33=0),"",IF(WEEKDAY(A33,1)=6,E33,MIN(E33,MAX(0,MIN(IF(L33<K33,L33+1,L33),OMR_OT_AT)-K33)))) | G33: =IF(OR(E33="",M33=0),"",MAX(0,E33-F33)) | H33: =IF(OR(E33="",M33=0),"",ROUND((F33*OMR_RATE+G33*OMR_OT)*24,3)) | K33: =IF(OR(M33=0,C33=""),"",IF(ISNUMBER(C33),MOD(C33,1),IFERROR(INDEX(القوائم!$B$1:$B$96,MATCH(TRIM(C33),القوائم!$A$1:$A$96,0)),IFERROR(MOD(TIMEVALUE(C33),1),"")))) | L33: =IF(OR(M33=0,D33=""),"",IF(ISNUMBER(D33),MOD(D33,1),IFERROR(INDEX(القوائم!$B$1:$B$96,MATCH(TRIM(D33),القوائم!$A$1:$A$96,0)),IFERROR(MOD(TIMEVALUE(D33),1),"")))) | M33: =IF(A33="",0,IF(AND(A33>=MSTART,A33<=MEND),1,0)) -> 1
A34: =IF(3<=NW,"مجموع أيام الأسبوع الثالث","") -> مجموع أيام الأسبوع الثالث | E34: =IF(3<=NW,SUM(E27:E33),"") -> 0 | F34: =IF(3<=NW,SUM(F27:F33),"") -> 0 | G34: =IF(3<=NW,SUM(G27:G33),"") -> 0 | H34: =IF(3<=NW,SUM(H27:H33),"") -> 0
A35: =IF(3<=NW,"ساعات تحميل الجبسمبورد بهالأسبوع (رقم: 2 أو 1.5) ←","") -> ساعات تحميل الجبسمبورد بهالأسبوع (رقم: 2 أو 1.5) ← | F35: =IF(3<=NW,"المستحق النهائي للأسبوع (دينار) ←","") -> المستحق النهائي للأسبوع (دينار) ← | H35: =IF(3<=NW,IF(ROUND_MODE="للأعلى",CEILING(ROUND((N(H34)+N(E35)*(GYP_RATE-OMR_RATE)),3),0.25),ROUND((N(H34)+N(E35)*(GYP_RATE-OMR_RATE))*4,0)/4),"") -> 0 | I35: =IF(3<=NW,"قبل الجبر: "&TEXT(N(H34)+N(E35)*(GYP_RATE-OMR_RATE),"0.000"),"") -> قبل الجبر: 0.000
A36: =IF(4<=NW,"الأسبوع الرابع","") -> الأسبوع الرابع
A37: =IF(AND(4<=NW,WFIRST+21>=MSTART,WFIRST+21<=MEND),WFIRST+21,"") -> 46312 | B37: =IF(A37="","",CHOOSE(WEEKDAY(A37,1),"الأحد","الاثنين","الثلاثاء","الأربعاء","الخميس","الجمعة","السبت")) -> السبت | E37: =IF(OR(M37=0,K37="",L37=""),"",MOD(L37-K37,1)) | F37: =IF(OR(E37="",M37=0),"",IF(WEEKDAY(A37,1)=6,E37,MIN(E37,MAX(0,MIN(IF(L37<K37,L37+1,L37),OMR_OT_AT)-K37)))) | G37: =IF(OR(E37="",M37=0),"",MAX(0,E37-F37)) | H37: =IF(OR(E37="",M37=0),"",ROUND((F37*OMR_RATE+G37*OMR_OT)*24,3)) | K37: =IF(OR(M37=0,C37=""),"",IF(ISNUMBER(C37),MOD(C37,1),IFERROR(INDEX(القوائم!$B$1:$B$96,MATCH(TRIM(C37),القوائم!$A$1:$A$96,0)),IFERROR(MOD(TIMEVALUE(C37),1),"")))) | L37: =IF(OR(M37=0,D37=""),"",IF(ISNUMBER(D37),MOD(D37,1),IFERROR(INDEX(القوائم!$B$1:$B$96,MATCH(TRIM(D37),القوائم!$A$1:$A$96,0)),IFERROR(MOD(TIMEVALUE(D37),1),"")))) | M37: =IF(A37="",0,IF(AND(A37>=MSTART,A37<=MEND),1,0)) -> 1
A38: =IF(AND(4<=NW,WFIRST+22>=MSTART,WFIRST+22<=MEND),WFIRST+22,"") -> 46313 | B38: =IF(A38="","",CHOOSE(WEEKDAY(A38,1),"الأحد","الاثنين","الثلاثاء","الأربعاء","الخميس","الجمعة","السبت")) -> الأحد | E38: =IF(OR(M38=0,K38="",L38=""),"",MOD(L38-K38,1)) | F38: =IF(OR(E38="",M38=0),"",IF(WEEKDAY(A38,1)=6,E38,MIN(E38,MAX(0,MIN(IF(L38<K38,L38+1,L38),OMR_OT_AT)-K38)))) | G38: =IF(OR(E38="",M38=0),"",MAX(0,E38-F38)) | H38: =IF(OR(E38="",M38=0),"",ROUND((F38*OMR_RATE+G38*OMR_OT)*24,3)) | K38: =IF(OR(M38=0,C38=""),"",IF(ISNUMBER(C38),MOD(C38,1),IFERROR(INDEX(القوائم!$B$1:$B$96,MATCH(TRIM(C38),القوائم!$A$1:$A$96,0)),IFERROR(MOD(TIMEVALUE(C38),1),"")))) | L38: =IF(OR(M38=0,D38=""),"",IF(ISNUMBER(D38),MOD(D38,1),IFERROR(INDEX(القوائم!$B$1:$B$96,MATCH(TRIM(D38),القوائم!$A$1:$A$96,0)),IFERROR(MOD(TIMEVALUE(D38),1),"")))) | M38: =IF(A38="",0,IF(AND(A38>=MSTART,A38<=MEND),1,0)) -> 1
A39: =IF(AND(4<=NW,WFIRST+23>=MSTART,WFIRST+23<=MEND),WFIRST+23,"") -> 46314 | B39: =IF(A39="","",CHOOSE(WEEKDAY(A39,1),"الأحد","الاثنين","الثلاثاء","الأربعاء","الخميس","الجمعة","السبت")) -> الاثنين | E39: =IF(OR(M39=0,K39="",L39=""),"",MOD(L39-K39,1)) | F39: =IF(OR(E39="",M39=0),"",IF(WEEKDAY(A39,1)=6,E39,MIN(E39,MAX(0,MIN(IF(L39<K39,L39+1,L39),OMR_OT_AT)-K39)))) | G39: =IF(OR(E39="",M39=0),"",MAX(0,E39-F39)) | H39: =IF(OR(E39="",M39=0),"",ROUND((F39*OMR_RATE+G39*OMR_OT)*24,3)) | K39: =IF(OR(M39=0,C39=""),"",IF(ISNUMBER(C39),MOD(C39,1),IFERROR(INDEX(القوائم!$B$1:$B$96,MATCH(TRIM(C39),القوائم!$A$1:$A$96,0)),IFERROR(MOD(TIMEVALUE(C39),1),"")))) | L39: =IF(OR(M39=0,D39=""),"",IF(ISNUMBER(D39),MOD(D39,1),IFERROR(INDEX(القوائم!$B$1:$B$96,MATCH(TRIM(D39),القوائم!$A$1:$A$96,0)),IFERROR(MOD(TIMEVALUE(D39),1),"")))) | M39: =IF(A39="",0,IF(AND(A39>=MSTART,A39<=MEND),1,0)) -> 1
A40: =IF(AND(4<=NW,WFIRST+24>=MSTART,WFIRST+24<=MEND),WFIRST+24,"") -> 46315 | B40: =IF(A40="","",CHOOSE(WEEKDAY(A40,1),"الأحد","الاثنين","الثلاثاء","الأربعاء","الخميس","الجمعة","السبت")) -> الثلاثاء | E40: =IF(OR(M40=0,K40="",L40=""),"",MOD(L40-K40,1)) | F40: =IF(OR(E40="",M40=0),"",IF(WEEKDAY(A40,1)=6,E40,MIN(E40,MAX(0,MIN(IF(L40<K40,L40+1,L40),OMR_OT_AT)-K40)))) | G40: =IF(OR(E40="",M40=0),"",MAX(0,E40-F40)) | H40: =IF(OR(E40="",M40=0),"",ROUND((F40*OMR_RATE+G40*OMR_OT)*24,3)) | K40: =IF(OR(M40=0,C40=""),"",IF(ISNUMBER(C40),MOD(C40,1),IFERROR(INDEX(القوائم!$B$1:$B$96,MATCH(TRIM(C40),القوائم!$A$1:$A$96,0)),IFERROR(MOD(TIMEVALUE(C40),1),"")))) | L40: =IF(OR(M40=0,D40=""),"",IF(ISNUMBER(D40),MOD(D40,1),IFERROR(INDEX(القوائم!$B$1:$B$96,MATCH(TRIM(D40),القوائم!$A$1:$A$96,0)),IFERROR(MOD(TIMEVALUE(D40),1),"")))) | M40: =IF(A40="",0,IF(AND(A40>=MSTART,A40<=MEND),1,0)) -> 1
A41: =IF(AND(4<=NW,WFIRST+25>=MSTART,WFIRST+25<=MEND),WFIRST+25,"") -> 46316 | B41: =IF(A41="","",CHOOSE(WEEKDAY(A41,1),"الأحد","الاثنين","الثلاثاء","الأربعاء","الخميس","الجمعة","السبت")) -> الأربعاء | E41: =IF(OR(M41=0,K41="",L41=""),"",MOD(L41-K41,1)) | F41: =IF(OR(E41="",M41=0),"",IF(WEEKDAY(A41,1)=6,E41,MIN(E41,MAX(0,MIN(IF(L41<K41,L41+1,L41),OMR_OT_AT)-K41)))) | G41: =IF(OR(E41="",M41=0),"",MAX(0,E41-F41)) | H41: =IF(OR(E41="",M41=0),"",ROUND((F41*OMR_RATE+G41*OMR_OT)*24,3)) | K41: =IF(OR(M41=0,C41=""),"",IF(ISNUMBER(C41),MOD(C41,1),IFERROR(INDEX(القوائم!$B$1:$B$96,MATCH(TRIM(C41),القوائم!$A$1:$A$96,0)),IFERROR(MOD(TIMEVALUE(C41),1),"")))) | L41: =IF(OR(M41=0,D41=""),"",IF(ISNUMBER(D41),MOD(D41,1),IFERROR(INDEX(القوائم!$B$1:$B$96,MATCH(TRIM(D41),القوائم!$A$1:$A$96,0)),IFERROR(MOD(TIMEVALUE(D41),1),"")))) | M41: =IF(A41="",0,IF(AND(A41>=MSTART,A41<=MEND),1,0)) -> 1
A42: =IF(AND(4<=NW,WFIRST+26>=MSTART,WFIRST+26<=MEND),WFIRST+26,"") -> 46317 | B42: =IF(A42="","",CHOOSE(WEEKDAY(A42,1),"الأحد","الاثنين","الثلاثاء","الأربعاء","الخميس","الجمعة","السبت")) -> الخميس | E42: =IF(OR(M42=0,K42="",L42=""),"",MOD(L42-K42,1)) | F42: =IF(OR(E42="",M42=0),"",IF(WEEKDAY(A42,1)=6,E42,MIN(E42,MAX(0,MIN(IF(L42<K42,L42+1,L42),OMR_OT_AT)-K42)))) | G42: =IF(OR(E42="",M42=0),"",MAX(0,E42-F42)) | H42: =IF(OR(E42="",M42=0),"",ROUND((F42*OMR_RATE+G42*OMR_OT)*24,3)) | K42: =IF(OR(M42=0,C42=""),"",IF(ISNUMBER(C42),MOD(C42,1),IFERROR(INDEX(القوائم!$B$1:$B$96,MATCH(TRIM(C42),القوائم!$A$1:$A$96,0)),IFERROR(MOD(TIMEVALUE(C42),1),"")))) | L42: =IF(OR(M42=0,D42=""),"",IF(ISNUMBER(D42),MOD(D42,1),IFERROR(INDEX(القوائم!$B$1:$B$96,MATCH(TRIM(D42),القوائم!$A$1:$A$96,0)),IFERROR(MOD(TIMEVALUE(D42),1),"")))) | M42: =IF(A42="",0,IF(AND(A42>=MSTART,A42<=MEND),1,0)) -> 1
A43: =IF(AND(4<=NW,WFIRST+27>=MSTART,WFIRST+27<=MEND),WFIRST+27,"") -> 46318 | B43: =IF(A43="","",CHOOSE(WEEKDAY(A43,1),"الأحد","الاثنين","الثلاثاء","الأربعاء","الخميس","الجمعة","السبت")) -> الجمعة | E43: =IF(OR(M43=0,K43="",L43=""),"",MOD(L43-K43,1)) | F43: =IF(OR(E43="",M43=0),"",IF(WEEKDAY(A43,1)=6,E43,MIN(E43,MAX(0,MIN(IF(L43<K43,L43+1,L43),OMR_OT_AT)-K43)))) | G43: =IF(OR(E43="",M43=0),"",MAX(0,E43-F43)) | H43: =IF(OR(E43="",M43=0),"",ROUND((F43*OMR_RATE+G43*OMR_OT)*24,3)) | K43: =IF(OR(M43=0,C43=""),"",IF(ISNUMBER(C43),MOD(C43,1),IFERROR(INDEX(القوائم!$B$1:$B$96,MATCH(TRIM(C43),القوائم!$A$1:$A$96,0)),IFERROR(MOD(TIMEVALUE(C43),1),"")))) | L43: =IF(OR(M43=0,D43=""),"",IF(ISNUMBER(D43),MOD(D43,1),IFERROR(INDEX(القوائم!$B$1:$B$96,MATCH(TRIM(D43),القوائم!$A$1:$A$96,0)),IFERROR(MOD(TIMEVALUE(D43),1),"")))) | M43: =IF(A43="",0,IF(AND(A43>=MSTART,A43<=MEND),1,0)) -> 1
A44: =IF(4<=NW,"مجموع أيام الأسبوع الرابع","") -> مجموع أيام الأسبوع الرابع | E44: =IF(4<=NW,SUM(E37:E43),"") -> 0 | F44: =IF(4<=NW,SUM(F37:F43),"") -> 0 | G44: =IF(4<=NW,SUM(G37:G43),"") -> 0 | H44: =IF(4<=NW,SUM(H37:H43),"") -> 0
A45: =IF(4<=NW,"ساعات تحميل الجبسمبورد بهالأسبوع (رقم: 2 أو 1.5) ←","") -> ساعات تحميل الجبسمبورد بهالأسبوع (رقم: 2 أو 1.5) ← | F45: =IF(4<=NW,"المستحق النهائي للأسبوع (دينار) ←","") -> المستحق النهائي للأسبوع (دينار) ← | H45: =IF(4<=NW,IF(ROUND_MODE="للأعلى",CEILING(ROUND((N(H44)+N(E45)*(GYP_RATE-OMR_RATE)),3),0.25),ROUND((N(H44)+N(E45)*(GYP_RATE-OMR_RATE))*4,0)/4),"") -> 0 | I45: =IF(4<=NW,"قبل الجبر: "&TEXT(N(H44)+N(E45)*(GYP_RATE-OMR_RATE),"0.000"),"") -> قبل الجبر: 0.000
A46: =IF(5<=NW,"الأسبوع الخامس","") -> الأسبوع الخامس
A47: =IF(AND(5<=NW,WFIRST+28>=MSTART,WFIRST+28<=MEND),WFIRST+28,"") -> 46319 | B47: =IF(A47="","",CHOOSE(WEEKDAY(A47,1),"الأحد","الاثنين","الثلاثاء","الأربعاء","الخميس","الجمعة","السبت")) -> السبت | E47: =IF(OR(M47=0,K47="",L47=""),"",MOD(L47-K47,1)) | F47: =IF(OR(E47="",M47=0),"",IF(WEEKDAY(A47,1)=6,E47,MIN(E47,MAX(0,MIN(IF(L47<K47,L47+1,L47),OMR_OT_AT)-K47)))) | G47: =IF(OR(E47="",M47=0),"",MAX(0,E47-F47)) | H47: =IF(OR(E47="",M47=0),"",ROUND((F47*OMR_RATE+G47*OMR_OT)*24,3)) | K47: =IF(OR(M47=0,C47=""),"",IF(ISNUMBER(C47),MOD(C47,1),IFERROR(INDEX(القوائم!$B$1:$B$96,MATCH(TRIM(C47),القوائم!$A$1:$A$96,0)),IFERROR(MOD(TIMEVALUE(C47),1),"")))) | L47: =IF(OR(M47=0,D47=""),"",IF(ISNUMBER(D47),MOD(D47,1),IFERROR(INDEX(القوائم!$B$1:$B$96,MATCH(TRIM(D47),القوائم!$A$1:$A$96,0)),IFERROR(MOD(TIMEVALUE(D47),1),"")))) | M47: =IF(A47="",0,IF(AND(A47>=MSTART,A47<=MEND),1,0)) -> 1
A48: =IF(AND(5<=NW,WFIRST+29>=MSTART,WFIRST+29<=MEND),WFIRST+29,"") -> 46320 | B48: =IF(A48="","",CHOOSE(WEEKDAY(A48,1),"الأحد","الاثنين","الثلاثاء","الأربعاء","الخميس","الجمعة","السبت")) -> الأحد | E48: =IF(OR(M48=0,K48="",L48=""),"",MOD(L48-K48,1)) | F48: =IF(OR(E48="",M48=0),"",IF(WEEKDAY(A48,1)=6,E48,MIN(E48,MAX(0,MIN(IF(L48<K48,L48+1,L48),OMR_OT_AT)-K48)))) | G48: =IF(OR(E48="",M48=0),"",MAX(0,E48-F48)) | H48: =IF(OR(E48="",M48=0),"",ROUND((F48*OMR_RATE+G48*OMR_OT)*24,3)) | K48: =IF(OR(M48=0,C48=""),"",IF(ISNUMBER(C48),MOD(C48,1),IFERROR(INDEX(القوائم!$B$1:$B$96,MATCH(TRIM(C48),القوائم!$A$1:$A$96,0)),IFERROR(MOD(TIMEVALUE(C48),1),"")))) | L48: =IF(OR(M48=0,D48=""),"",IF(ISNUMBER(D48),MOD(D48,1),IFERROR(INDEX(القوائم!$B$1:$B$96,MATCH(TRIM(D48),القوائم!$A$1:$A$96,0)),IFERROR(MOD(TIMEVALUE(D48),1),"")))) | M48: =IF(A48="",0,IF(AND(A48>=MSTART,A48<=MEND),1,0)) -> 1
A49: =IF(AND(5<=NW,WFIRST+30>=MSTART,WFIRST+30<=MEND),WFIRST+30,"") -> 46321 | B49: =IF(A49="","",CHOOSE(WEEKDAY(A49,1),"الأحد","الاثنين","الثلاثاء","الأربعاء","الخميس","الجمعة","السبت")) -> الاثنين | E49: =IF(OR(M49=0,K49="",L49=""),"",MOD(L49-K49,1)) | F49: =IF(OR(E49="",M49=0),"",IF(WEEKDAY(A49,1)=6,E49,MIN(E49,MAX(0,MIN(IF(L49<K49,L49+1,L49),OMR_OT_AT)-K49)))) | G49: =IF(OR(E49="",M49=0),"",MAX(0,E49-F49)) | H49: =IF(OR(E49="",M49=0),"",ROUND((F49*OMR_RATE+G49*OMR_OT)*24,3)) | K49: =IF(OR(M49=0,C49=""),"",IF(ISNUMBER(C49),MOD(C49,1),IFERROR(INDEX(القوائم!$B$1:$B$96,MATCH(TRIM(C49),القوائم!$A$1:$A$96,0)),IFERROR(MOD(TIMEVALUE(C49),1),"")))) | L49: =IF(OR(M49=0,D49=""),"",IF(ISNUMBER(D49),MOD(D49,1),IFERROR(INDEX(القوائم!$B$1:$B$96,MATCH(TRIM(D49),القوائم!$A$1:$A$96,0)),IFERROR(MOD(TIMEVALUE(D49),1),"")))) | M49: =IF(A49="",0,IF(AND(A49>=MSTART,A49<=MEND),1,0)) -> 1
A50: =IF(AND(5<=NW,WFIRST+31>=MSTART,WFIRST+31<=MEND),WFIRST+31,"") -> 46322 | B50: =IF(A50="","",CHOOSE(WEEKDAY(A50,1),"الأحد","الاثنين","الثلاثاء","الأربعاء","الخميس","الجمعة","السبت")) -> الثلاثاء | E50: =IF(OR(M50=0,K50="",L50=""),"",MOD(L50-K50,1)) | F50: =IF(OR(E50="",M50=0),"",IF(WEEKDAY(A50,1)=6,E50,MIN(E50,MAX(0,MIN(IF(L50<K50,L50+1,L50),OMR_OT_AT)-K50)))) | G50: =IF(OR(E50="",M50=0),"",MAX(0,E50-F50)) | H50: =IF(OR(E50="",M50=0),"",ROUND((F50*OMR_RATE+G50*OMR_OT)*24,3)) | K50: =IF(OR(M50=0,C50=""),"",IF(ISNUMBER(C50),MOD(C50,1),IFERROR(INDEX(القوائم!$B$1:$B$96,MATCH(TRIM(C50),القوائم!$A$1:$A$96,0)),IFERROR(MOD(TIMEVALUE(C50),1),"")))) | L50: =IF(OR(M50=0,D50=""),"",IF(ISNUMBER(D50),MOD(D50,1),IFERROR(INDEX(القوائم!$B$1:$B$96,MATCH(TRIM(D50),القوائم!$A$1:$A$96,0)),IFERROR(MOD(TIMEVALUE(D50),1),"")))) | M50: =IF(A50="",0,IF(AND(A50>=MSTART,A50<=MEND),1,0)) -> 1
A51: =IF(AND(5<=NW,WFIRST+32>=MSTART,WFIRST+32<=MEND),WFIRST+32,"") -> 46323 | B51: =IF(A51="","",CHOOSE(WEEKDAY(A51,1),"الأحد","الاثنين","الثلاثاء","الأربعاء","الخميس","الجمعة","السبت")) -> الأربعاء | E51: =IF(OR(M51=0,K51="",L51=""),"",MOD(L51-K51,1)) | F51: =IF(OR(E51="",M51=0),"",IF(WEEKDAY(A51,1)=6,E51,MIN(E51,MAX(0,MIN(IF(L51<K51,L51+1,L51),OMR_OT_AT)-K51)))) | G51: =IF(OR(E51="",M51=0),"",MAX(0,E51-F51)) | H51: =IF(OR(E51="",M51=0),"",ROUND((F51*OMR_RATE+G51*OMR_OT)*24,3)) | K51: =IF(OR(M51=0,C51=""),"",IF(ISNUMBER(C51),MOD(C51,1),IFERROR(INDEX(القوائم!$B$1:$B$96,MATCH(TRIM(C51),القوائم!$A$1:$A$96,0)),IFERROR(MOD(TIMEVALUE(C51),1),"")))) | L51: =IF(OR(M51=0,D51=""),"",IF(ISNUMBER(D51),MOD(D51,1),IFERROR(INDEX(القوائم!$B$1:$B$96,MATCH(TRIM(D51),القوائم!$A$1:$A$96,0)),IFERROR(MOD(TIMEVALUE(D51),1),"")))) | M51: =IF(A51="",0,IF(AND(A51>=MSTART,A51<=MEND),1,0)) -> 1
A52: =IF(AND(5<=NW,WFIRST+33>=MSTART,WFIRST+33<=MEND),WFIRST+33,"") -> 46324 | B52: =IF(A52="","",CHOOSE(WEEKDAY(A52,1),"الأحد","الاثنين","الثلاثاء","الأربعاء","الخميس","الجمعة","السبت")) -> الخميس | E52: =IF(OR(M52=0,K52="",L52=""),"",MOD(L52-K52,1)) | F52: =IF(OR(E52="",M52=0),"",IF(WEEKDAY(A52,1)=6,E52,MIN(E52,MAX(0,MIN(IF(L52<K52,L52+1,L52),OMR_OT_AT)-K52)))) | G52: =IF(OR(E52="",M52=0),"",MAX(0,E52-F52)) | H52: =IF(OR(E52="",M52=0),"",ROUND((F52*OMR_RATE+G52*OMR_OT)*24,3)) | K52: =IF(OR(M52=0,C52=""),"",IF(ISNUMBER(C52),MOD(C52,1),IFERROR(INDEX(القوائم!$B$1:$B$96,MATCH(TRIM(C52),القوائم!$A$1:$A$96,0)),IFERROR(MOD(TIMEVALUE(C52),1),"")))) | L52: =IF(OR(M52=0,D52=""),"",IF(ISNUMBER(D52),MOD(D52,1),IFERROR(INDEX(القوائم!$B$1:$B$96,MATCH(TRIM(D52),القوائم!$A$1:$A$96,0)),IFERROR(MOD(TIMEVALUE(D52),1),"")))) | M52: =IF(A52="",0,IF(AND(A52>=MSTART,A52<=MEND),1,0)) -> 1
A53: =IF(AND(5<=NW,WFIRST+34>=MSTART,WFIRST+34<=MEND),WFIRST+34,"") -> 46325 | B53: =IF(A53="","",CHOOSE(WEEKDAY(A53,1),"الأحد","الاثنين","الثلاثاء","الأربعاء","الخميس","الجمعة","السبت")) -> الجمعة | E53: =IF(OR(M53=0,K53="",L53=""),"",MOD(L53-K53,1)) | F53: =IF(OR(E53="",M53=0),"",IF(WEEKDAY(A53,1)=6,E53,MIN(E53,MAX(0,MIN(IF(L53<K53,L53+1,L53),OMR_OT_AT)-K53)))) | G53: =IF(OR(E53="",M53=0),"",MAX(0,E53-F53)) | H53: =IF(OR(E53="",M53=0),"",ROUND((F53*OMR_RATE+G53*OMR_OT)*24,3)) | K53: =IF(OR(M53=0,C53=""),"",IF(ISNUMBER(C53),MOD(C53,1),IFERROR(INDEX(القوائم!$B$1:$B$96,MATCH(TRIM(C53),القوائم!$A$1:$A$96,0)),IFERROR(MOD(TIMEVALUE(C53),1),"")))) | L53: =IF(OR(M53=0,D53=""),"",IF(ISNUMBER(D53),MOD(D53,1),IFERROR(INDEX(القوائم!$B$1:$B$96,MATCH(TRIM(D53),القوائم!$A$1:$A$96,0)),IFERROR(MOD(TIMEVALUE(D53),1),"")))) | M53: =IF(A53="",0,IF(AND(A53>=MSTART,A53<=MEND),1,0)) -> 1
A54: =IF(5<=NW,"مجموع أيام الأسبوع الخامس","") -> مجموع أيام الأسبوع الخامس | E54: =IF(5<=NW,SUM(E47:E53),"") -> 0 | F54: =IF(5<=NW,SUM(F47:F53),"") -> 0 | G54: =IF(5<=NW,SUM(G47:G53),"") -> 0 | H54: =IF(5<=NW,SUM(H47:H53),"") -> 0
A55: =IF(5<=NW,"ساعات تحميل الجبسمبورد بهالأسبوع (رقم: 2 أو 1.5) ←","") -> ساعات تحميل الجبسمبورد بهالأسبوع (رقم: 2 أو 1.5) ← | F55: =IF(5<=NW,"المستحق النهائي للأسبوع (دينار) ←","") -> المستحق النهائي للأسبوع (دينار) ← | H55: =IF(5<=NW,IF(ROUND_MODE="للأعلى",CEILING(ROUND((N(H54)+N(E55)*(GYP_RATE-OMR_RATE)),3),0.25),ROUND((N(H54)+N(E55)*(GYP_RATE-OMR_RATE))*4,0)/4),"") -> 0 | I55: =IF(5<=NW,"قبل الجبر: "&TEXT(N(H54)+N(E55)*(GYP_RATE-OMR_RATE),"0.000"),"") -> قبل الجبر: 0.000
A56: =IF(6<=NW,"الأسبوع السادس","") -> الأسبوع السادس
A57: =IF(AND(6<=NW,WFIRST+35>=MSTART,WFIRST+35<=MEND),WFIRST+35,"") -> 46326 | B57: =IF(A57="","",CHOOSE(WEEKDAY(A57,1),"الأحد","الاثنين","الثلاثاء","الأربعاء","الخميس","الجمعة","السبت")) -> السبت | E57: =IF(OR(M57=0,K57="",L57=""),"",MOD(L57-K57,1)) | F57: =IF(OR(E57="",M57=0),"",IF(WEEKDAY(A57,1)=6,E57,MIN(E57,MAX(0,MIN(IF(L57<K57,L57+1,L57),OMR_OT_AT)-K57)))) | G57: =IF(OR(E57="",M57=0),"",MAX(0,E57-F57)) | H57: =IF(OR(E57="",M57=0),"",ROUND((F57*OMR_RATE+G57*OMR_OT)*24,3)) | K57: =IF(OR(M57=0,C57=""),"",IF(ISNUMBER(C57),MOD(C57,1),IFERROR(INDEX(القوائم!$B$1:$B$96,MATCH(TRIM(C57),القوائم!$A$1:$A$96,0)),IFERROR(MOD(TIMEVALUE(C57),1),"")))) | L57: =IF(OR(M57=0,D57=""),"",IF(ISNUMBER(D57),MOD(D57,1),IFERROR(INDEX(القوائم!$B$1:$B$96,MATCH(TRIM(D57),القوائم!$A$1:$A$96,0)),IFERROR(MOD(TIMEVALUE(D57),1),"")))) | M57: =IF(A57="",0,IF(AND(A57>=MSTART,A57<=MEND),1,0)) -> 1
A58: =IF(AND(6<=NW,WFIRST+36>=MSTART,WFIRST+36<=MEND),WFIRST+36,"") | B58: =IF(A58="","",CHOOSE(WEEKDAY(A58,1),"الأحد","الاثنين","الثلاثاء","الأربعاء","الخميس","الجمعة","السبت")) | E58: =IF(OR(M58=0,K58="",L58=""),"",MOD(L58-K58,1)) | F58: =IF(OR(E58="",M58=0),"",IF(WEEKDAY(A58,1)=6,E58,MIN(E58,MAX(0,MIN(IF(L58<K58,L58+1,L58),OMR_OT_AT)-K58)))) | G58: =IF(OR(E58="",M58=0),"",MAX(0,E58-F58)) | H58: =IF(OR(E58="",M58=0),"",ROUND((F58*OMR_RATE+G58*OMR_OT)*24,3)) | K58: =IF(OR(M58=0,C58=""),"",IF(ISNUMBER(C58),MOD(C58,1),IFERROR(INDEX(القوائم!$B$1:$B$96,MATCH(TRIM(C58),القوائم!$A$1:$A$96,0)),IFERROR(MOD(TIMEVALUE(C58),1),"")))) | L58: =IF(OR(M58=0,D58=""),"",IF(ISNUMBER(D58),MOD(D58,1),IFERROR(INDEX(القوائم!$B$1:$B$96,MATCH(TRIM(D58),القوائم!$A$1:$A$96,0)),IFERROR(MOD(TIMEVALUE(D58),1),"")))) | M58: =IF(A58="",0,IF(AND(A58>=MSTART,A58<=MEND),1,0)) -> 0
A59: =IF(AND(6<=NW,WFIRST+37>=MSTART,WFIRST+37<=MEND),WFIRST+37,"") | B59: =IF(A59="","",CHOOSE(WEEKDAY(A59,1),"الأحد","الاثنين","الثلاثاء","الأربعاء","الخميس","الجمعة","السبت")) | E59: =IF(OR(M59=0,K59="",L59=""),"",MOD(L59-K59,1)) | F59: =IF(OR(E59="",M59=0),"",IF(WEEKDAY(A59,1)=6,E59,MIN(E59,MAX(0,MIN(IF(L59<K59,L59+1,L59),OMR_OT_AT)-K59)))) | G59: =IF(OR(E59="",M59=0),"",MAX(0,E59-F59)) | H59: =IF(OR(E59="",M59=0),"",ROUND((F59*OMR_RATE+G59*OMR_OT)*24,3)) | K59: =IF(OR(M59=0,C59=""),"",IF(ISNUMBER(C59),MOD(C59,1),IFERROR(INDEX(القوائم!$B$1:$B$96,MATCH(TRIM(C59),القوائم!$A$1:$A$96,0)),IFERROR(MOD(TIMEVALUE(C59),1),"")))) | L59: =IF(OR(M59=0,D59=""),"",IF(ISNUMBER(D59),MOD(D59,1),IFERROR(INDEX(القوائم!$B$1:$B$96,MATCH(TRIM(D59),القوائم!$A$1:$A$96,0)),IFERROR(MOD(TIMEVALUE(D59),1),"")))) | M59: =IF(A59="",0,IF(AND(A59>=MSTART,A59<=MEND),1,0)) -> 0
A60: =IF(AND(6<=NW,WFIRST+38>=MSTART,WFIRST+38<=MEND),WFIRST+38,"") | B60: =IF(A60="","",CHOOSE(WEEKDAY(A60,1),"الأحد","الاثنين","الثلاثاء","الأربعاء","الخميس","الجمعة","السبت")) | E60: =IF(OR(M60=0,K60="",L60=""),"",MOD(L60-K60,1)) | F60: =IF(OR(E60="",M60=0),"",IF(WEEKDAY(A60,1)=6,E60,MIN(E60,MAX(0,MIN(IF(L60<K60,L60+1,L60),OMR_OT_AT)-K60)))) | G60: =IF(OR(E60="",M60=0),"",MAX(0,E60-F60)) | H60: =IF(OR(E60="",M60=0),"",ROUND((F60*OMR_RATE+G60*OMR_OT)*24,3)) | K60: =IF(OR(M60=0,C60=""),"",IF(ISNUMBER(C60),MOD(C60,1),IFERROR(INDEX(القوائم!$B$1:$B$96,MATCH(TRIM(C60),القوائم!$A$1:$A$96,0)),IFERROR(MOD(TIMEVALUE(C60),1),"")))) | L60: =IF(OR(M60=0,D60=""),"",IF(ISNUMBER(D60),MOD(D60,1),IFERROR(INDEX(القوائم!$B$1:$B$96,MATCH(TRIM(D60),القوائم!$A$1:$A$96,0)),IFERROR(MOD(TIMEVALUE(D60),1),"")))) | M60: =IF(A60="",0,IF(AND(A60>=MSTART,A60<=MEND),1,0)) -> 0
A61: =IF(AND(6<=NW,WFIRST+39>=MSTART,WFIRST+39<=MEND),WFIRST+39,"") | B61: =IF(A61="","",CHOOSE(WEEKDAY(A61,1),"الأحد","الاثنين","الثلاثاء","الأربعاء","الخميس","الجمعة","السبت")) | E61: =IF(OR(M61=0,K61="",L61=""),"",MOD(L61-K61,1)) | F61: =IF(OR(E61="",M61=0),"",IF(WEEKDAY(A61,1)=6,E61,MIN(E61,MAX(0,MIN(IF(L61<K61,L61+1,L61),OMR_OT_AT)-K61)))) | G61: =IF(OR(E61="",M61=0),"",MAX(0,E61-F61)) | H61: =IF(OR(E61="",M61=0),"",ROUND((F61*OMR_RATE+G61*OMR_OT)*24,3)) | K61: =IF(OR(M61=0,C61=""),"",IF(ISNUMBER(C61),MOD(C61,1),IFERROR(INDEX(القوائم!$B$1:$B$96,MATCH(TRIM(C61),القوائم!$A$1:$A$96,0)),IFERROR(MOD(TIMEVALUE(C61),1),"")))) | L61: =IF(OR(M61=0,D61=""),"",IF(ISNUMBER(D61),MOD(D61,1),IFERROR(INDEX(القوائم!$B$1:$B$96,MATCH(TRIM(D61),القوائم!$A$1:$A$96,0)),IFERROR(MOD(TIMEVALUE(D61),1),"")))) | M61: =IF(A61="",0,IF(AND(A61>=MSTART,A61<=MEND),1,0)) -> 0
A62: =IF(AND(6<=NW,WFIRST+40>=MSTART,WFIRST+40<=MEND),WFIRST+40,"") | B62: =IF(A62="","",CHOOSE(WEEKDAY(A62,1),"الأحد","الاثنين","الثلاثاء","الأربعاء","الخميس","الجمعة","السبت")) | E62: =IF(OR(M62=0,K62="",L62=""),"",MOD(L62-K62,1)) | F62: =IF(OR(E62="",M62=0),"",IF(WEEKDAY(A62,1)=6,E62,MIN(E62,MAX(0,MIN(IF(L62<K62,L62+1,L62),OMR_OT_AT)-K62)))) | G62: =IF(OR(E62="",M62=0),"",MAX(0,E62-F62)) | H62: =IF(OR(E62="",M62=0),"",ROUND((F62*OMR_RATE+G62*OMR_OT)*24,3)) | K62: =IF(OR(M62=0,C62=""),"",IF(ISNUMBER(C62),MOD(C62,1),IFERROR(INDEX(القوائم!$B$1:$B$96,MATCH(TRIM(C62),القوائم!$A$1:$A$96,0)),IFERROR(MOD(TIMEVALUE(C62),1),"")))) | L62: =IF(OR(M62=0,D62=""),"",IF(ISNUMBER(D62),MOD(D62,1),IFERROR(INDEX(القوائم!$B$1:$B$96,MATCH(TRIM(D62),القوائم!$A$1:$A$96,0)),IFERROR(MOD(TIMEVALUE(D62),1),"")))) | M62: =IF(A62="",0,IF(AND(A62>=MSTART,A62<=MEND),1,0)) -> 0
A63: =IF(AND(6<=NW,WFIRST+41>=MSTART,WFIRST+41<=MEND),WFIRST+41,"") | B63: =IF(A63="","",CHOOSE(WEEKDAY(A63,1),"الأحد","الاثنين","الثلاثاء","الأربعاء","الخميس","الجمعة","السبت")) | E63: =IF(OR(M63=0,K63="",L63=""),"",MOD(L63-K63,1)) | F63: =IF(OR(E63="",M63=0),"",IF(WEEKDAY(A63,1)=6,E63,MIN(E63,MAX(0,MIN(IF(L63<K63,L63+1,L63),OMR_OT_AT)-K63)))) | G63: =IF(OR(E63="",M63=0),"",MAX(0,E63-F63)) | H63: =IF(OR(E63="",M63=0),"",ROUND((F63*OMR_RATE+G63*OMR_OT)*24,3)) | K63: =IF(OR(M63=0,C63=""),"",IF(ISNUMBER(C63),MOD(C63,1),IFERROR(INDEX(القوائم!$B$1:$B$96,MATCH(TRIM(C63),القوائم!$A$1:$A$96,0)),IFERROR(MOD(TIMEVALUE(C63),1),"")))) | L63: =IF(OR(M63=0,D63=""),"",IF(ISNUMBER(D63),MOD(D63,1),IFERROR(INDEX(القوائم!$B$1:$B$96,MATCH(TRIM(D63),القوائم!$A$1:$A$96,0)),IFERROR(MOD(TIMEVALUE(D63),1),"")))) | M63: =IF(A63="",0,IF(AND(A63>=MSTART,A63<=MEND),1,0)) -> 0
A64: =IF(6<=NW,"مجموع أيام الأسبوع السادس","") -> مجموع أيام الأسبوع السادس | E64: =IF(6<=NW,SUM(E57:E63),"") -> 0 | F64: =IF(6<=NW,SUM(F57:F63),"") -> 0 | G64: =IF(6<=NW,SUM(G57:G63),"") -> 0 | H64: =IF(6<=NW,SUM(H57:H63),"") -> 0
A65: =IF(6<=NW,"ساعات تحميل الجبسمبورد بهالأسبوع (رقم: 2 أو 1.5) ←","") -> ساعات تحميل الجبسمبورد بهالأسبوع (رقم: 2 أو 1.5) ← | F65: =IF(6<=NW,"المستحق النهائي للأسبوع (دينار) ←","") -> المستحق النهائي للأسبوع (دينار) ← | H65: =IF(6<=NW,IF(ROUND_MODE="للأعلى",CEILING(ROUND((N(H64)+N(E65)*(GYP_RATE-OMR_RATE)),3),0.25),ROUND((N(H64)+N(E65)*(GYP_RATE-OMR_RATE))*4,0)/4),"") -> 0 | I65: =IF(6<=NW,"قبل الجبر: "&TEXT(N(H64)+N(E65)*(GYP_RATE-OMR_RATE),"0.000"),"") -> قبل الجبر: 0.000

Sheet ساعات عبدالعزيز
A1: ساعات عبدالعزيز — بيقبض نهاية كل يوم
A2: ="شهر "&TEXT(التسوية!$C$3,"00")&" / "&التسوية!$E$3&" (الشهر والسنة بتنختار من ورقة التسوية)" -> شهر 10 / 2026 (الشهر والسنة بتنختار من ورقة التسوية)
A3: دينار للساعة أي يوم. مستحق كل يوم مجبور لربع دينار. لما يقبض آخر اليوم: «نعم» + المبلغ. ساعات الجبسمبورد تحت كل أسبوع — فرقها بينضاف لمستحق الأسبوع وبيندفع آخره.
A5: التاريخ | B5: اليوم | C5: دخول | D5: خروج | E5: عدد الساعات | F5: مستحق اليوم (دينار) | G5: قبض؟ | H5: المقبوض (دينار) | I5: ملاحظات
A6: =IF(1<=NW,"الأسبوع الأول","") -> الأسبوع الأول
A7: =IF(AND(1<=NW,WFIRST+0>=MSTART,WFIRST+0<=MEND),WFIRST+0,"") | B7: =IF(A7="","",CHOOSE(WEEKDAY(A7,1),"الأحد","الاثنين","الثلاثاء","الأربعاء","الخميس","الجمعة","السبت")) | E7: =IF(OR(M7=0,K7="",L7=""),"",MOD(L7-K7,1)) | F7: =IF(OR(E7="",M7=0),"",IF(ROUND_MODE="للأعلى",CEILING(ROUND((E7*24*AZZ_RATE),3),0.25),ROUND((E7*24*AZZ_RATE)*4,0)/4)) | K7: =IF(OR(M7=0,C7=""),"",IF(ISNUMBER(C7),MOD(C7,1),IFERROR(INDEX(القوائم!$B$1:$B$96,MATCH(TRIM(C7),القوائم!$A$1:$A$96,0)),IFERROR(MOD(TIMEVALUE(C7),1),"")))) | L7: =IF(OR(M7=0,D7=""),"",IF(ISNUMBER(D7),MOD(D7,1),IFERROR(INDEX(القوائم!$B$1:$B$96,MATCH(TRIM(D7),القوائم!$A$1:$A$96,0)),IFERROR(MOD(TIMEVALUE(D7),1),"")))) | M7: =IF(A7="",0,IF(AND(A7>=MSTART,A7<=MEND),1,0)) -> 0
A8: =IF(AND(1<=NW,WFIRST+1>=MSTART,WFIRST+1<=MEND),WFIRST+1,"") | B8: =IF(A8="","",CHOOSE(WEEKDAY(A8,1),"الأحد","الاثنين","الثلاثاء","الأربعاء","الخميس","الجمعة","السبت")) | E8: =IF(OR(M8=0,K8="",L8=""),"",MOD(L8-K8,1)) | F8: =IF(OR(E8="",M8=0),"",IF(ROUND_MODE="للأعلى",CEILING(ROUND((E8*24*AZZ_RATE),3),0.25),ROUND((E8*24*AZZ_RATE)*4,0)/4)) | K8: =IF(OR(M8=0,C8=""),"",IF(ISNUMBER(C8),MOD(C8,1),IFERROR(INDEX(القوائم!$B$1:$B$96,MATCH(TRIM(C8),القوائم!$A$1:$A$96,0)),IFERROR(MOD(TIMEVALUE(C8),1),"")))) | L8: =IF(OR(M8=0,D8=""),"",IF(ISNUMBER(D8),MOD(D8,1),IFERROR(INDEX(القوائم!$B$1:$B$96,MATCH(TRIM(D8),القوائم!$A$1:$A$96,0)),IFERROR(MOD(TIMEVALUE(D8),1),"")))) | M8: =IF(A8="",0,IF(AND(A8>=MSTART,A8<=MEND),1,0)) -> 0
A9: =IF(AND(1<=NW,WFIRST+2>=MSTART,WFIRST+2<=MEND),WFIRST+2,"") | B9: =IF(A9="","",CHOOSE(WEEKDAY(A9,1),"الأحد","الاثنين","الثلاثاء","الأربعاء","الخميس","الجمعة","السبت")) | E9: =IF(OR(M9=0,K9="",L9=""),"",MOD(L9-K9,1)) | F9: =IF(OR(E9="",M9=0),"",IF(ROUND_MODE="للأعلى",CEILING(ROUND((E9*24*AZZ_RATE),3),0.25),ROUND((E9*24*AZZ_RATE)*4,0)/4)) | K9: =IF(OR(M9=0,C9=""),"",IF(ISNUMBER(C9),MOD(C9,1),IFERROR(INDEX(القوائم!$B$1:$B$96,MATCH(TRIM(C9),القوائم!$A$1:$A$96,0)),IFERROR(MOD(TIMEVALUE(C9),1),"")))) | L9: =IF(OR(M9=0,D9=""),"",IF(ISNUMBER(D9),MOD(D9,1),IFERROR(INDEX(القوائم!$B$1:$B$96,MATCH(TRIM(D9),القوائم!$A$1:$A$96,0)),IFERROR(MOD(TIMEVALUE(D9),1),"")))) | M9: =IF(A9="",0,IF(AND(A9>=MSTART,A9<=MEND),1,0)) -> 0
A10: =IF(AND(1<=NW,WFIRST+3>=MSTART,WFIRST+3<=MEND),WFIRST+3,"") | B10: =IF(A10="","",CHOOSE(WEEKDAY(A10,1),"الأحد","الاثنين","الثلاثاء","الأربعاء","الخميس","الجمعة","السبت")) | E10: =IF(OR(M10=0,K10="",L10=""),"",MOD(L10-K10,1)) | F10: =IF(OR(E10="",M10=0),"",IF(ROUND_MODE="للأعلى",CEILING(ROUND((E10*24*AZZ_RATE),3),0.25),ROUND((E10*24*AZZ_RATE)*4,0)/4)) | K10: =IF(OR(M10=0,C10=""),"",IF(ISNUMBER(C10),MOD(C10,1),IFERROR(INDEX(القوائم!$B$1:$B$96,MATCH(TRIM(C10),القوائم!$A$1:$A$96,0)),IFERROR(MOD(TIMEVALUE(C10),1),"")))) | L10: =IF(OR(M10=0,D10=""),"",IF(ISNUMBER(D10),MOD(D10,1),IFERROR(INDEX(القوائم!$B$1:$B$96,MATCH(TRIM(D10),القوائم!$A$1:$A$96,0)),IFERROR(MOD(TIMEVALUE(D10),1),"")))) | M10: =IF(A10="",0,IF(AND(A10>=MSTART,A10<=MEND),1,0)) -> 0
A11: =IF(AND(1<=NW,WFIRST+4>=MSTART,WFIRST+4<=MEND),WFIRST+4,"") | B11: =IF(A11="","",CHOOSE(WEEKDAY(A11,1),"الأحد","الاثنين","الثلاثاء","الأربعاء","الخميس","الجمعة","السبت")) | E11: =IF(OR(M11=0,K11="",L11=""),"",MOD(L11-K11,1)) | F11: =IF(OR(E11="",M11=0),"",IF(ROUND_MODE="للأعلى",CEILING(ROUND((E11*24*AZZ_RATE),3),0.25),ROUND((E11*24*AZZ_RATE)*4,0)/4)) | K11: =IF(OR(M11=0,C11=""),"",IF(ISNUMBER(C11),MOD(C11,1),IFERROR(INDEX(القوائم!$B$1:$B$96,MATCH(TRIM(C11),القوائم!$A$1:$A$96,0)),IFERROR(MOD(TIMEVALUE(C11),1),"")))) | L11: =IF(OR(M11=0,D11=""),"",IF(ISNUMBER(D11),MOD(D11,1),IFERROR(INDEX(القوائم!$B$1:$B$96,MATCH(TRIM(D11),القوائم!$A$1:$A$96,0)),IFERROR(MOD(TIMEVALUE(D11),1),"")))) | M11: =IF(A11="",0,IF(AND(A11>=MSTART,A11<=MEND),1,0)) -> 0
A12: =IF(AND(1<=NW,WFIRST+5>=MSTART,WFIRST+5<=MEND),WFIRST+5,"") -> 46296 | B12: =IF(A12="","",CHOOSE(WEEKDAY(A12,1),"الأحد","الاثنين","الثلاثاء","الأربعاء","الخميس","الجمعة","السبت")) -> الخميس | E12: =IF(OR(M12=0,K12="",L12=""),"",MOD(L12-K12,1)) | F12: =IF(OR(E12="",M12=0),"",IF(ROUND_MODE="للأعلى",CEILING(ROUND((E12*24*AZZ_RATE),3),0.25),ROUND((E12*24*AZZ_RATE)*4,0)/4)) | K12: =IF(OR(M12=0,C12=""),"",IF(ISNUMBER(C12),MOD(C12,1),IFERROR(INDEX(القوائم!$B$1:$B$96,MATCH(TRIM(C12),القوائم!$A$1:$A$96,0)),IFERROR(MOD(TIMEVALUE(C12),1),"")))) | L12: =IF(OR(M12=0,D12=""),"",IF(ISNUMBER(D12),MOD(D12,1),IFERROR(INDEX(القوائم!$B$1:$B$96,MATCH(TRIM(D12),القوائم!$A$1:$A$96,0)),IFERROR(MOD(TIMEVALUE(D12),1),"")))) | M12: =IF(A12="",0,IF(AND(A12>=MSTART,A12<=MEND),1,0)) -> 1
A13: =IF(AND(1<=NW,WFIRST+6>=MSTART,WFIRST+6<=MEND),WFIRST+6,"") -> 46297 | B13: =IF(A13="","",CHOOSE(WEEKDAY(A13,1),"الأحد","الاثنين","الثلاثاء","الأربعاء","الخميس","الجمعة","السبت")) -> الجمعة | E13: =IF(OR(M13=0,K13="",L13=""),"",MOD(L13-K13,1)) | F13: =IF(OR(E13="",M13=0),"",IF(ROUND_MODE="للأعلى",CEILING(ROUND((E13*24*AZZ_RATE),3),0.25),ROUND((E13*24*AZZ_RATE)*4,0)/4)) | K13: =IF(OR(M13=0,C13=""),"",IF(ISNUMBER(C13),MOD(C13,1),IFERROR(INDEX(القوائم!$B$1:$B$96,MATCH(TRIM(C13),القوائم!$A$1:$A$96,0)),IFERROR(MOD(TIMEVALUE(C13),1),"")))) | L13: =IF(OR(M13=0,D13=""),"",IF(ISNUMBER(D13),MOD(D13,1),IFERROR(INDEX(القوائم!$B$1:$B$96,MATCH(TRIM(D13),القوائم!$A$1:$A$96,0)),IFERROR(MOD(TIMEVALUE(D13),1),"")))) | M13: =IF(A13="",0,IF(AND(A13>=MSTART,A13<=MEND),1,0)) -> 1
A14: =IF(1<=NW,"مجموع أيام الأسبوع الأول","") -> مجموع أيام الأسبوع الأول | E14: =IF(1<=NW,SUM(E7:E13),"") -> 0 | F14: =IF(1<=NW,SUM(F7:F13),"") -> 0 | H14: =IF(1<=NW,SUM(H7:H13),"") -> 0
A15: =IF(1<=NW,"ساعات تحميل الجبسمبورد بهالأسبوع (رقم: 2 أو 1.5) ←","") -> ساعات تحميل الجبسمبورد بهالأسبوع (رقم: 2 أو 1.5) ← | F15: =IF(1<=NW,N(F14)+IF(ROUND_MODE="للأعلى",CEILING(ROUND((N(E15)*(GYP_RATE-AZZ_RATE)),3),0.25),ROUND((N(E15)*(GYP_RATE-AZZ_RATE))*4,0)/4),"") -> 0 | G15: =IF(1<=NW,"← المستحق النهائي للأسبوع (دينار) مع فرق الجبسمبورد","") -> ← المستحق النهائي للأسبوع (دينار) مع فرق الجبسمبورد
A16: =IF(2<=NW,"الأسبوع الثاني","") -> الأسبوع الثاني
A17: =IF(AND(2<=NW,WFIRST+7>=MSTART,WFIRST+7<=MEND),WFIRST+7,"") -> 46298 | B17: =IF(A17="","",CHOOSE(WEEKDAY(A17,1),"الأحد","الاثنين","الثلاثاء","الأربعاء","الخميس","الجمعة","السبت")) -> السبت | E17: =IF(OR(M17=0,K17="",L17=""),"",MOD(L17-K17,1)) | F17: =IF(OR(E17="",M17=0),"",IF(ROUND_MODE="للأعلى",CEILING(ROUND((E17*24*AZZ_RATE),3),0.25),ROUND((E17*24*AZZ_RATE)*4,0)/4)) | K17: =IF(OR(M17=0,C17=""),"",IF(ISNUMBER(C17),MOD(C17,1),IFERROR(INDEX(القوائم!$B$1:$B$96,MATCH(TRIM(C17),القوائم!$A$1:$A$96,0)),IFERROR(MOD(TIMEVALUE(C17),1),"")))) | L17: =IF(OR(M17=0,D17=""),"",IF(ISNUMBER(D17),MOD(D17,1),IFERROR(INDEX(القوائم!$B$1:$B$96,MATCH(TRIM(D17),القوائم!$A$1:$A$96,0)),IFERROR(MOD(TIMEVALUE(D17),1),"")))) | M17: =IF(A17="",0,IF(AND(A17>=MSTART,A17<=MEND),1,0)) -> 1
A18: =IF(AND(2<=NW,WFIRST+8>=MSTART,WFIRST+8<=MEND),WFIRST+8,"") -> 46299 | B18: =IF(A18="","",CHOOSE(WEEKDAY(A18,1),"الأحد","الاثنين","الثلاثاء","الأربعاء","الخميس","الجمعة","السبت")) -> الأحد | E18: =IF(OR(M18=0,K18="",L18=""),"",MOD(L18-K18,1)) | F18: =IF(OR(E18="",M18=0),"",IF(ROUND_MODE="للأعلى",CEILING(ROUND((E18*24*AZZ_RATE),3),0.25),ROUND((E18*24*AZZ_RATE)*4,0)/4)) | K18: =IF(OR(M18=0,C18=""),"",IF(ISNUMBER(C18),MOD(C18,1),IFERROR(INDEX(القوائم!$B$1:$B$96,MATCH(TRIM(C18),القوائم!$A$1:$A$96,0)),IFERROR(MOD(TIMEVALUE(C18),1),"")))) | L18: =IF(OR(M18=0,D18=""),"",IF(ISNUMBER(D18),MOD(D18,1),IFERROR(INDEX(القوائم!$B$1:$B$96,MATCH(TRIM(D18),القوائم!$A$1:$A$96,0)),IFERROR(MOD(TIMEVALUE(D18),1),"")))) | M18: =IF(A18="",0,IF(AND(A18>=MSTART,A18<=MEND),1,0)) -> 1
A19: =IF(AND(2<=NW,WFIRST+9>=MSTART,WFIRST+9<=MEND),WFIRST+9,"") -> 46300 | B19: =IF(A19="","",CHOOSE(WEEKDAY(A19,1),"الأحد","الاثنين","الثلاثاء","الأربعاء","الخميس","الجمعة","السبت")) -> الاثنين | E19: =IF(OR(M19=0,K19="",L19=""),"",MOD(L19-K19,1)) | F19: =IF(OR(E19="",M19=0),"",IF(ROUND_MODE="للأعلى",CEILING(ROUND((E19*24*AZZ_RATE),3),0.25),ROUND((E19*24*AZZ_RATE)*4,0)/4)) | K19: =IF(OR(M19=0,C19=""),"",IF(ISNUMBER(C19),MOD(C19,1),IFERROR(INDEX(القوائم!$B$1:$B$96,MATCH(TRIM(C19),القوائم!$A$1:$A$96,0)),IFERROR(MOD(TIMEVALUE(C19),1),"")))) | L19: =IF(OR(M19=0,D19=""),"",IF(ISNUMBER(D19),MOD(D19,1),IFERROR(INDEX(القوائم!$B$1:$B$96,MATCH(TRIM(D19),القوائم!$A$1:$A$96,0)),IFERROR(MOD(TIMEVALUE(D19),1),"")))) | M19: =IF(A19="",0,IF(AND(A19>=MSTART,A19<=MEND),1,0)) -> 1
A20: =IF(AND(2<=NW,WFIRST+10>=MSTART,WFIRST+10<=MEND),WFIRST+10,"") -> 46301 | B20: =IF(A20="","",CHOOSE(WEEKDAY(A20,1),"الأحد","الاثنين","الثلاثاء","الأربعاء","الخميس","الجمعة","السبت")) -> الثلاثاء | E20: =IF(OR(M20=0,K20="",L20=""),"",MOD(L20-K20,1)) | F20: =IF(OR(E20="",M20=0),"",IF(ROUND_MODE="للأعلى",CEILING(ROUND((E20*24*AZZ_RATE),3),0.25),ROUND((E20*24*AZZ_RATE)*4,0)/4)) | K20: =IF(OR(M20=0,C20=""),"",IF(ISNUMBER(C20),MOD(C20,1),IFERROR(INDEX(القوائم!$B$1:$B$96,MATCH(TRIM(C20),القوائم!$A$1:$A$96,0)),IFERROR(MOD(TIMEVALUE(C20),1),"")))) | L20: =IF(OR(M20=0,D20=""),"",IF(ISNUMBER(D20),MOD(D20,1),IFERROR(INDEX(القوائم!$B$1:$B$96,MATCH(TRIM(D20),القوائم!$A$1:$A$96,0)),IFERROR(MOD(TIMEVALUE(D20),1),"")))) | M20: =IF(A20="",0,IF(AND(A20>=MSTART,A20<=MEND),1,0)) -> 1
A21: =IF(AND(2<=NW,WFIRST+11>=MSTART,WFIRST+11<=MEND),WFIRST+11,"") -> 46302 | B21: =IF(A21="","",CHOOSE(WEEKDAY(A21,1),"الأحد","الاثنين","الثلاثاء","الأربعاء","الخميس","الجمعة","السبت")) -> الأربعاء | E21: =IF(OR(M21=0,K21="",L21=""),"",MOD(L21-K21,1)) | F21: =IF(OR(E21="",M21=0),"",IF(ROUND_MODE="للأعلى",CEILING(ROUND((E21*24*AZZ_RATE),3),0.25),ROUND((E21*24*AZZ_RATE)*4,0)/4)) | K21: =IF(OR(M21=0,C21=""),"",IF(ISNUMBER(C21),MOD(C21,1),IFERROR(INDEX(القوائم!$B$1:$B$96,MATCH(TRIM(C21),القوائم!$A$1:$A$96,0)),IFERROR(MOD(TIMEVALUE(C21),1),"")))) | L21: =IF(OR(M21=0,D21=""),"",IF(ISNUMBER(D21),MOD(D21,1),IFERROR(INDEX(القوائم!$B$1:$B$96,MATCH(TRIM(D21),القوائم!$A$1:$A$96,0)),IFERROR(MOD(TIMEVALUE(D21),1),"")))) | M21: =IF(A21="",0,IF(AND(A21>=MSTART,A21<=MEND),1,0)) -> 1
A22: =IF(AND(2<=NW,WFIRST+12>=MSTART,WFIRST+12<=MEND),WFIRST+12,"") -> 46303 | B22: =IF(A22="","",CHOOSE(WEEKDAY(A22,1),"الأحد","الاثنين","الثلاثاء","الأربعاء","الخميس","الجمعة","السبت")) -> الخميس | E22: =IF(OR(M22=0,K22="",L22=""),"",MOD(L22-K22,1)) | F22: =IF(OR(E22="",M22=0),"",IF(ROUND_MODE="للأعلى",CEILING(ROUND((E22*24*AZZ_RATE),3),0.25),ROUND((E22*24*AZZ_RATE)*4,0)/4)) | K22: =IF(OR(M22=0,C22=""),"",IF(ISNUMBER(C22),MOD(C22,1),IFERROR(INDEX(القوائم!$B$1:$B$96,MATCH(TRIM(C22),القوائم!$A$1:$A$96,0)),IFERROR(MOD(TIMEVALUE(C22),1),"")))) | L22: =IF(OR(M22=0,D22=""),"",IF(ISNUMBER(D22),MOD(D22,1),IFERROR(INDEX(القوائم!$B$1:$B$96,MATCH(TRIM(D22),القوائم!$A$1:$A$96,0)),IFERROR(MOD(TIMEVALUE(D22),1),"")))) | M22: =IF(A22="",0,IF(AND(A22>=MSTART,A22<=MEND),1,0)) -> 1
A23: =IF(AND(2<=NW,WFIRST+13>=MSTART,WFIRST+13<=MEND),WFIRST+13,"") -> 46304 | B23: =IF(A23="","",CHOOSE(WEEKDAY(A23,1),"الأحد","الاثنين","الثلاثاء","الأربعاء","الخميس","الجمعة","السبت")) -> الجمعة | E23: =IF(OR(M23=0,K23="",L23=""),"",MOD(L23-K23,1)) | F23: =IF(OR(E23="",M23=0),"",IF(ROUND_MODE="للأعلى",CEILING(ROUND((E23*24*AZZ_RATE),3),0.25),ROUND((E23*24*AZZ_RATE)*4,0)/4)) | K23: =IF(OR(M23=0,C23=""),"",IF(ISNUMBER(C23),MOD(C23,1),IFERROR(INDEX(القوائم!$B$1:$B$96,MATCH(TRIM(C23),القوائم!$A$1:$A$96,0)),IFERROR(MOD(TIMEVALUE(C23),1),"")))) | L23: =IF(OR(M23=0,D23=""),"",IF(ISNUMBER(D23),MOD(D23,1),IFERROR(INDEX(القوائم!$B$1:$B$96,MATCH(TRIM(D23),القوائم!$A$1:$A$96,0)),IFERROR(MOD(TIMEVALUE(D23),1),"")))) | M23: =IF(A23="",0,IF(AND(A23>=MSTART,A23<=MEND),1,0)) -> 1
A24: =IF(2<=NW,"مجموع أيام الأسبوع الثاني","") -> مجموع أيام الأسبوع الثاني | E24: =IF(2<=NW,SUM(E17:E23),"") -> 0 | F24: =IF(2<=NW,SUM(F17:F23),"") -> 0 | H24: =IF(2<=NW,SUM(H17:H23),"") -> 0
A25: =IF(2<=NW,"ساعات تحميل الجبسمبورد بهالأسبوع (رقم: 2 أو 1.5) ←","") -> ساعات تحميل الجبسمبورد بهالأسبوع (رقم: 2 أو 1.5) ← | F25: =IF(2<=NW,N(F24)+IF(ROUND_MODE="للأعلى",CEILING(ROUND((N(E25)*(GYP_RATE-AZZ_RATE)),3),0.25),ROUND((N(E25)*(GYP_RATE-AZZ_RATE))*4,0)/4),"") -> 0 | G25: =IF(2<=NW,"← المستحق النهائي للأسبوع (دينار) مع فرق الجبسمبورد","") -> ← المستحق النهائي للأسبوع (دينار) مع فرق الجبسمبورد
A26: =IF(3<=NW,"الأسبوع الثالث","") -> الأسبوع الثالث
A27: =IF(AND(3<=NW,WFIRST+14>=MSTART,WFIRST+14<=MEND),WFIRST+14,"") -> 46305 | B27: =IF(A27="","",CHOOSE(WEEKDAY(A27,1),"الأحد","الاثنين","الثلاثاء","الأربعاء","الخميس","الجمعة","السبت")) -> السبت | E27: =IF(OR(M27=0,K27="",L27=""),"",MOD(L27-K27,1)) | F27: =IF(OR(E27="",M27=0),"",IF(ROUND_MODE="للأعلى",CEILING(ROUND((E27*24*AZZ_RATE),3),0.25),ROUND((E27*24*AZZ_RATE)*4,0)/4)) | K27: =IF(OR(M27=0,C27=""),"",IF(ISNUMBER(C27),MOD(C27,1),IFERROR(INDEX(القوائم!$B$1:$B$96,MATCH(TRIM(C27),القوائم!$A$1:$A$96,0)),IFERROR(MOD(TIMEVALUE(C27),1),"")))) | L27: =IF(OR(M27=0,D27=""),"",IF(ISNUMBER(D27),MOD(D27,1),IFERROR(INDEX(القوائم!$B$1:$B$96,MATCH(TRIM(D27),القوائم!$A$1:$A$96,0)),IFERROR(MOD(TIMEVALUE(D27),1),"")))) | M27: =IF(A27="",0,IF(AND(A27>=MSTART,A27<=MEND),1,0)) -> 1
A28: =IF(AND(3<=NW,WFIRST+15>=MSTART,WFIRST+15<=MEND),WFIRST+15,"") -> 46306 | B28: =IF(A28="","",CHOOSE(WEEKDAY(A28,1),"الأحد","الاثنين","الثلاثاء","الأربعاء","الخميس","الجمعة","السبت")) -> الأحد | E28: =IF(OR(M28=0,K28="",L28=""),"",MOD(L28-K28,1)) | F28: =IF(OR(E28="",M28=0),"",IF(ROUND_MODE="للأعلى",CEILING(ROUND((E28*24*AZZ_RATE),3),0.25),ROUND((E28*24*AZZ_RATE)*4,0)/4)) | K28: =IF(OR(M28=0,C28=""),"",IF(ISNUMBER(C28),MOD(C28,1),IFERROR(INDEX(القوائم!$B$1:$B$96,MATCH(TRIM(C28),القوائم!$A$1:$A$96,0)),IFERROR(MOD(TIMEVALUE(C28),1),"")))) | L28: =IF(OR(M28=0,D28=""),"",IF(ISNUMBER(D28),MOD(D28,1),IFERROR(INDEX(القوائم!$B$1:$B$96,MATCH(TRIM(D28),القوائم!$A$1:$A$96,0)),IFERROR(MOD(TIMEVALUE(D28),1),"")))) | M28: =IF(A28="",0,IF(AND(A28>=MSTART,A28<=MEND),1,0)) -> 1
A29: =IF(AND(3<=NW,WFIRST+16>=MSTART,WFIRST+16<=MEND),WFIRST+16,"") -> 46307 | B29: =IF(A29="","",CHOOSE(WEEKDAY(A29,1),"الأحد","الاثنين","الثلاثاء","الأربعاء","الخميس","الجمعة","السبت")) -> الاثنين | E29: =IF(OR(M29=0,K29="",L29=""),"",MOD(L29-K29,1)) | F29: =IF(OR(E29="",M29=0),"",IF(ROUND_MODE="للأعلى",CEILING(ROUND((E29*24*AZZ_RATE),3),0.25),ROUND((E29*24*AZZ_RATE)*4,0)/4)) | K29: =IF(OR(M29=0,C29=""),"",IF(ISNUMBER(C29),MOD(C29,1),IFERROR(INDEX(القوائم!$B$1:$B$96,MATCH(TRIM(C29),القوائم!$A$1:$A$96,0)),IFERROR(MOD(TIMEVALUE(C29),1),"")))) | L29: =IF(OR(M29=0,D29=""),"",IF(ISNUMBER(D29),MOD(D29,1),IFERROR(INDEX(القوائم!$B$1:$B$96,MATCH(TRIM(D29),القوائم!$A$1:$A$96,0)),IFERROR(MOD(TIMEVALUE(D29),1),"")))) | M29: =IF(A29="",0,IF(AND(A29>=MSTART,A29<=MEND),1,0)) -> 1
A30: =IF(AND(3<=NW,WFIRST+17>=MSTART,WFIRST+17<=MEND),WFIRST+17,"") -> 46308 | B30: =IF(A30="","",CHOOSE(WEEKDAY(A30,1),"الأحد","الاثنين","الثلاثاء","الأربعاء","الخميس","الجمعة","السبت")) -> الثلاثاء | E30: =IF(OR(M30=0,K30="",L30=""),"",MOD(L30-K30,1)) | F30: =IF(OR(E30="",M30=0),"",IF(ROUND_MODE="للأعلى",CEILING(ROUND((E30*24*AZZ_RATE),3),0.25),ROUND((E30*24*AZZ_RATE)*4,0)/4)) | K30: =IF(OR(M30=0,C30=""),"",IF(ISNUMBER(C30),MOD(C30,1),IFERROR(INDEX(القوائم!$B$1:$B$96,MATCH(TRIM(C30),القوائم!$A$1:$A$96,0)),IFERROR(MOD(TIMEVALUE(C30),1),"")))) | L30: =IF(OR(M30=0,D30=""),"",IF(ISNUMBER(D30),MOD(D30,1),IFERROR(INDEX(القوائم!$B$1:$B$96,MATCH(TRIM(D30),القوائم!$A$1:$A$96,0)),IFERROR(MOD(TIMEVALUE(D30),1),"")))) | M30: =IF(A30="",0,IF(AND(A30>=MSTART,A30<=MEND),1,0)) -> 1
A31: =IF(AND(3<=NW,WFIRST+18>=MSTART,WFIRST+18<=MEND),WFIRST+18,"") -> 46309 | B31: =IF(A31="","",CHOOSE(WEEKDAY(A31,1),"الأحد","الاثنين","الثلاثاء","الأربعاء","الخميس","الجمعة","السبت")) -> الأربعاء | E31: =IF(OR(M31=0,K31="",L31=""),"",MOD(L31-K31,1)) | F31: =IF(OR(E31="",M31=0),"",IF(ROUND_MODE="للأعلى",CEILING(ROUND((E31*24*AZZ_RATE),3),0.25),ROUND((E31*24*AZZ_RATE)*4,0)/4)) | K31: =IF(OR(M31=0,C31=""),"",IF(ISNUMBER(C31),MOD(C31,1),IFERROR(INDEX(القوائم!$B$1:$B$96,MATCH(TRIM(C31),القوائم!$A$1:$A$96,0)),IFERROR(MOD(TIMEVALUE(C31),1),"")))) | L31: =IF(OR(M31=0,D31=""),"",IF(ISNUMBER(D31),MOD(D31,1),IFERROR(INDEX(القوائم!$B$1:$B$96,MATCH(TRIM(D31),القوائم!$A$1:$A$96,0)),IFERROR(MOD(TIMEVALUE(D31),1),"")))) | M31: =IF(A31="",0,IF(AND(A31>=MSTART,A31<=MEND),1,0)) -> 1
A32: =IF(AND(3<=NW,WFIRST+19>=MSTART,WFIRST+19<=MEND),WFIRST+19,"") -> 46310 | B32: =IF(A32="","",CHOOSE(WEEKDAY(A32,1),"الأحد","الاثنين","الثلاثاء","الأربعاء","الخميس","الجمعة","السبت")) -> الخميس | E32: =IF(OR(M32=0,K32="",L32=""),"",MOD(L32-K32,1)) | F32: =IF(OR(E32="",M32=0),"",IF(ROUND_MODE="للأعلى",CEILING(ROUND((E32*24*AZZ_RATE),3),0.25),ROUND((E32*24*AZZ_RATE)*4,0)/4)) | K32: =IF(OR(M32=0,C32=""),"",IF(ISNUMBER(C32),MOD(C32,1),IFERROR(INDEX(القوائم!$B$1:$B$96,MATCH(TRIM(C32),القوائم!$A$1:$A$96,0)),IFERROR(MOD(TIMEVALUE(C32),1),"")))) | L32: =IF(OR(M32=0,D32=""),"",IF(ISNUMBER(D32),MOD(D32,1),IFERROR(INDEX(القوائم!$B$1:$B$96,MATCH(TRIM(D32),القوائم!$A$1:$A$96,0)),IFERROR(MOD(TIMEVALUE(D32),1),"")))) | M32: =IF(A32="",0,IF(AND(A32>=MSTART,A32<=MEND),1,0)) -> 1
A33: =IF(AND(3<=NW,WFIRST+20>=MSTART,WFIRST+20<=MEND),WFIRST+20,"") -> 46311 | B33: =IF(A33="","",CHOOSE(WEEKDAY(A33,1),"الأحد","الاثنين","الثلاثاء","الأربعاء","الخميس","الجمعة","السبت")) -> الجمعة | E33: =IF(OR(M33=0,K33="",L33=""),"",MOD(L33-K33,1)) | F33: =IF(OR(E33="",M33=0),"",IF(ROUND_MODE="للأعلى",CEILING(ROUND((E33*24*AZZ_RATE),3),0.25),ROUND((E33*24*AZZ_RATE)*4,0)/4)) | K33: =IF(OR(M33=0,C33=""),"",IF(ISNUMBER(C33),MOD(C33,1),IFERROR(INDEX(القوائم!$B$1:$B$96,MATCH(TRIM(C33),القوائم!$A$1:$A$96,0)),IFERROR(MOD(TIMEVALUE(C33),1),"")))) | L33: =IF(OR(M33=0,D33=""),"",IF(ISNUMBER(D33),MOD(D33,1),IFERROR(INDEX(القوائم!$B$1:$B$96,MATCH(TRIM(D33),القوائم!$A$1:$A$96,0)),IFERROR(MOD(TIMEVALUE(D33),1),"")))) | M33: =IF(A33="",0,IF(AND(A33>=MSTART,A33<=MEND),1,0)) -> 1
A34: =IF(3<=NW,"مجموع أيام الأسبوع الثالث","") -> مجموع أيام الأسبوع الثالث | E34: =IF(3<=NW,SUM(E27:E33),"") -> 0 | F34: =IF(3<=NW,SUM(F27:F33),"") -> 0 | H34: =IF(3<=NW,SUM(H27:H33),"") -> 0
A35: =IF(3<=NW,"ساعات تحميل الجبسمبورد بهالأسبوع (رقم: 2 أو 1.5) ←","") -> ساعات تحميل الجبسمبورد بهالأسبوع (رقم: 2 أو 1.5) ← | F35: =IF(3<=NW,N(F34)+IF(ROUND_MODE="للأعلى",CEILING(ROUND((N(E35)*(GYP_RATE-AZZ_RATE)),3),0.25),ROUND((N(E35)*(GYP_RATE-AZZ_RATE))*4,0)/4),"") -> 0 | G35: =IF(3<=NW,"← المستحق النهائي للأسبوع (دينار) مع فرق الجبسمبورد","") -> ← المستحق النهائي للأسبوع (دينار) مع فرق الجبسمبورد
A36: =IF(4<=NW,"الأسبوع الرابع","") -> الأسبوع الرابع
A37: =IF(AND(4<=NW,WFIRST+21>=MSTART,WFIRST+21<=MEND),WFIRST+21,"") -> 46312 | B37: =IF(A37="","",CHOOSE(WEEKDAY(A37,1),"الأحد","الاثنين","الثلاثاء","الأربعاء","الخميس","الجمعة","السبت")) -> السبت | E37: =IF(OR(M37=0,K37="",L37=""),"",MOD(L37-K37,1)) | F37: =IF(OR(E37="",M37=0),"",IF(ROUND_MODE="للأعلى",CEILING(ROUND((E37*24*AZZ_RATE),3),0.25),ROUND((E37*24*AZZ_RATE)*4,0)/4)) | K37: =IF(OR(M37=0,C37=""),"",IF(ISNUMBER(C37),MOD(C37,1),IFERROR(INDEX(القوائم!$B$1:$B$96,MATCH(TRIM(C37),القوائم!$A$1:$A$96,0)),IFERROR(MOD(TIMEVALUE(C37),1),"")))) | L37: =IF(OR(M37=0,D37=""),"",IF(ISNUMBER(D37),MOD(D37,1),IFERROR(INDEX(القوائم!$B$1:$B$96,MATCH(TRIM(D37),القوائم!$A$1:$A$96,0)),IFERROR(MOD(TIMEVALUE(D37),1),"")))) | M37: =IF(A37="",0,IF(AND(A37>=MSTART,A37<=MEND),1,0)) -> 1
A38: =IF(AND(4<=NW,WFIRST+22>=MSTART,WFIRST+22<=MEND),WFIRST+22,"") -> 46313 | B38: =IF(A38="","",CHOOSE(WEEKDAY(A38,1),"الأحد","الاثنين","الثلاثاء","الأربعاء","الخميس","الجمعة","السبت")) -> الأحد | E38: =IF(OR(M38=0,K38="",L38=""),"",MOD(L38-K38,1)) | F38: =IF(OR(E38="",M38=0),"",IF(ROUND_MODE="للأعلى",CEILING(ROUND((E38*24*AZZ_RATE),3),0.25),ROUND((E38*24*AZZ_RATE)*4,0)/4)) | K38: =IF(OR(M38=0,C38=""),"",IF(ISNUMBER(C38),MOD(C38,1),IFERROR(INDEX(القوائم!$B$1:$B$96,MATCH(TRIM(C38),القوائم!$A$1:$A$96,0)),IFERROR(MOD(TIMEVALUE(C38),1),"")))) | L38: =IF(OR(M38=0,D38=""),"",IF(ISNUMBER(D38),MOD(D38,1),IFERROR(INDEX(القوائم!$B$1:$B$96,MATCH(TRIM(D38),القوائم!$A$1:$A$96,0)),IFERROR(MOD(TIMEVALUE(D38),1),"")))) | M38: =IF(A38="",0,IF(AND(A38>=MSTART,A38<=MEND),1,0)) -> 1
A39: =IF(AND(4<=NW,WFIRST+23>=MSTART,WFIRST+23<=MEND),WFIRST+23,"") -> 46314 | B39: =IF(A39="","",CHOOSE(WEEKDAY(A39,1),"الأحد","الاثنين","الثلاثاء","الأربعاء","الخميس","الجمعة","السبت")) -> الاثنين | E39: =IF(OR(M39=0,K39="",L39=""),"",MOD(L39-K39,1)) | F39: =IF(OR(E39="",M39=0),"",IF(ROUND_MODE="للأعلى",CEILING(ROUND((E39*24*AZZ_RATE),3),0.25),ROUND((E39*24*AZZ_RATE)*4,0)/4)) | K39: =IF(OR(M39=0,C39=""),"",IF(ISNUMBER(C39),MOD(C39,1),IFERROR(INDEX(القوائم!$B$1:$B$96,MATCH(TRIM(C39),القوائم!$A$1:$A$96,0)),IFERROR(MOD(TIMEVALUE(C39),1),"")))) | L39: =IF(OR(M39=0,D39=""),"",IF(ISNUMBER(D39),MOD(D39,1),IFERROR(INDEX(القوائم!$B$1:$B$96,MATCH(TRIM(D39),القوائم!$A$1:$A$96,0)),IFERROR(MOD(TIMEVALUE(D39),1),"")))) | M39: =IF(A39="",0,IF(AND(A39>=MSTART,A39<=MEND),1,0)) -> 1
A40: =IF(AND(4<=NW,WFIRST+24>=MSTART,WFIRST+24<=MEND),WFIRST+24,"") -> 46315 | B40: =IF(A40="","",CHOOSE(WEEKDAY(A40,1),"الأحد","الاثنين","الثلاثاء","الأربعاء","الخميس","الجمعة","السبت")) -> الثلاثاء | E40: =IF(OR(M40=0,K40="",L40=""),"",MOD(L40-K40,1)) | F40: =IF(OR(E40="",M40=0),"",IF(ROUND_MODE="للأعلى",CEILING(ROUND((E40*24*AZZ_RATE),3),0.25),ROUND((E40*24*AZZ_RATE)*4,0)/4)) | K40: =IF(OR(M40=0,C40=""),"",IF(ISNUMBER(C40),MOD(C40,1),IFERROR(INDEX(القوائم!$B$1:$B$96,MATCH(TRIM(C40),القوائم!$A$1:$A$96,0)),IFERROR(MOD(TIMEVALUE(C40),1),"")))) | L40: =IF(OR(M40=0,D40=""),"",IF(ISNUMBER(D40),MOD(D40,1),IFERROR(INDEX(القوائم!$B$1:$B$96,MATCH(TRIM(D40),القوائم!$A$1:$A$96,0)),IFERROR(MOD(TIMEVALUE(D40),1),"")))) | M40: =IF(A40="",0,IF(AND(A40>=MSTART,A40<=MEND),1,0)) -> 1
A41: =IF(AND(4<=NW,WFIRST+25>=MSTART,WFIRST+25<=MEND),WFIRST+25,"") -> 46316 | B41: =IF(A41="","",CHOOSE(WEEKDAY(A41,1),"الأحد","الاثنين","الثلاثاء","الأربعاء","الخميس","الجمعة","السبت")) -> الأربعاء | E41: =IF(OR(M41=0,K41="",L41=""),"",MOD(L41-K41,1)) | F41: =IF(OR(E41="",M41=0),"",IF(ROUND_MODE="للأعلى",CEILING(ROUND((E41*24*AZZ_RATE),3),0.25),ROUND((E41*24*AZZ_RATE)*4,0)/4)) | K41: =IF(OR(M41=0,C41=""),"",IF(ISNUMBER(C41),MOD(C41,1),IFERROR(INDEX(القوائم!$B$1:$B$96,MATCH(TRIM(C41),القوائم!$A$1:$A$96,0)),IFERROR(MOD(TIMEVALUE(C41),1),"")))) | L41: =IF(OR(M41=0,D41=""),"",IF(ISNUMBER(D41),MOD(D41,1),IFERROR(INDEX(القوائم!$B$1:$B$96,MATCH(TRIM(D41),القوائم!$A$1:$A$96,0)),IFERROR(MOD(TIMEVALUE(D41),1),"")))) | M41: =IF(A41="",0,IF(AND(A41>=MSTART,A41<=MEND),1,0)) -> 1
A42: =IF(AND(4<=NW,WFIRST+26>=MSTART,WFIRST+26<=MEND),WFIRST+26,"") -> 46317 | B42: =IF(A42="","",CHOOSE(WEEKDAY(A42,1),"الأحد","الاثنين","الثلاثاء","الأربعاء","الخميس","الجمعة","السبت")) -> الخميس | E42: =IF(OR(M42=0,K42="",L42=""),"",MOD(L42-K42,1)) | F42: =IF(OR(E42="",M42=0),"",IF(ROUND_MODE="للأعلى",CEILING(ROUND((E42*24*AZZ_RATE),3),0.25),ROUND((E42*24*AZZ_RATE)*4,0)/4)) | K42: =IF(OR(M42=0,C42=""),"",IF(ISNUMBER(C42),MOD(C42,1),IFERROR(INDEX(القوائم!$B$1:$B$96,MATCH(TRIM(C42),القوائم!$A$1:$A$96,0)),IFERROR(MOD(TIMEVALUE(C42),1),"")))) | L42: =IF(OR(M42=0,D42=""),"",IF(ISNUMBER(D42),MOD(D42,1),IFERROR(INDEX(القوائم!$B$1:$B$96,MATCH(TRIM(D42),القوائم!$A$1:$A$96,0)),IFERROR(MOD(TIMEVALUE(D42),1),"")))) | M42: =IF(A42="",0,IF(AND(A42>=MSTART,A42<=MEND),1,0)) -> 1
A43: =IF(AND(4<=NW,WFIRST+27>=MSTART,WFIRST+27<=MEND),WFIRST+27,"") -> 46318 | B43: =IF(A43="","",CHOOSE(WEEKDAY(A43,1),"الأحد","الاثنين","الثلاثاء","الأربعاء","الخميس","الجمعة","السبت")) -> الجمعة | E43: =IF(OR(M43=0,K43="",L43=""),"",MOD(L43-K43,1)) | F43: =IF(OR(E43="",M43=0),"",IF(ROUND_MODE="للأعلى",CEILING(ROUND((E43*24*AZZ_RATE),3),0.25),ROUND((E43*24*AZZ_RATE)*4,0)/4)) | K43: =IF(OR(M43=0,C43=""),"",IF(ISNUMBER(C43),MOD(C43,1),IFERROR(INDEX(القوائم!$B$1:$B$96,MATCH(TRIM(C43),القوائم!$A$1:$A$96,0)),IFERROR(MOD(TIMEVALUE(C43),1),"")))) | L43: =IF(OR(M43=0,D43=""),"",IF(ISNUMBER(D43),MOD(D43,1),IFERROR(INDEX(القوائم!$B$1:$B$96,MATCH(TRIM(D43),القوائم!$A$1:$A$96,0)),IFERROR(MOD(TIMEVALUE(D43),1),"")))) | M43: =IF(A43="",0,IF(AND(A43>=MSTART,A43<=MEND),1,0)) -> 1
A44: =IF(4<=NW,"مجموع أيام الأسبوع الرابع","") -> مجموع أيام الأسبوع الرابع | E44: =IF(4<=NW,SUM(E37:E43),"") -> 0 | F44: =IF(4<=NW,SUM(F37:F43),"") -> 0 | H44: =IF(4<=NW,SUM(H37:H43),"") -> 0
A45: =IF(4<=NW,"ساعات تحميل الجبسمبورد بهالأسبوع (رقم: 2 أو 1.5) ←","") -> ساعات تحميل الجبسمبورد بهالأسبوع (رقم: 2 أو 1.5) ← | F45: =IF(4<=NW,N(F44)+IF(ROUND_MODE="للأعلى",CEILING(ROUND((N(E45)*(GYP_RATE-AZZ_RATE)),3),0.25),ROUND((N(E45)*(GYP_RATE-AZZ_RATE))*4,0)/4),"") -> 0 | G45: =IF(4<=NW,"← المستحق النهائي للأسبوع (دينار) مع فرق الجبسمبورد","") -> ← المستحق النهائي للأسبوع (دينار) مع فرق الجبسمبورد
A46: =IF(5<=NW,"الأسبوع الخامس","") -> الأسبوع الخامس
A47: =IF(AND(5<=NW,WFIRST+28>=MSTART,WFIRST+28<=MEND),WFIRST+28,"") -> 46319 | B47: =IF(A47="","",CHOOSE(WEEKDAY(A47,1),"الأحد","الاثنين","الثلاثاء","الأربعاء","الخميس","الجمعة","السبت")) -> السبت | E47: =IF(OR(M47=0,K47="",L47=""),"",MOD(L47-K47,1)) | F47: =IF(OR(E47="",M47=0),"",IF(ROUND_MODE="للأعلى",CEILING(ROUND((E47*24*AZZ_RATE),3),0.25),ROUND((E47*24*AZZ_RATE)*4,0)/4)) | K47: =IF(OR(M47=0,C47=""),"",IF(ISNUMBER(C47),MOD(C47,1),IFERROR(INDEX(القوائم!$B$1:$B$96,MATCH(TRIM(C47),القوائم!$A$1:$A$96,0)),IFERROR(MOD(TIMEVALUE(C47),1),"")))) | L47: =IF(OR(M47=0,D47=""),"",IF(ISNUMBER(D47),MOD(D47,1),IFERROR(INDEX(القوائم!$B$1:$B$96,MATCH(TRIM(D47),القوائم!$A$1:$A$96,0)),IFERROR(MOD(TIMEVALUE(D47),1),"")))) | M47: =IF(A47="",0,IF(AND(A47>=MSTART,A47<=MEND),1,0)) -> 1
A48: =IF(AND(5<=NW,WFIRST+29>=MSTART,WFIRST+29<=MEND),WFIRST+29,"") -> 46320 | B48: =IF(A48="","",CHOOSE(WEEKDAY(A48,1),"الأحد","الاثنين","الثلاثاء","الأربعاء","الخميس","الجمعة","السبت")) -> الأحد | E48: =IF(OR(M48=0,K48="",L48=""),"",MOD(L48-K48,1)) | F48: =IF(OR(E48="",M48=0),"",IF(ROUND_MODE="للأعلى",CEILING(ROUND((E48*24*AZZ_RATE),3),0.25),ROUND((E48*24*AZZ_RATE)*4,0)/4)) | K48: =IF(OR(M48=0,C48=""),"",IF(ISNUMBER(C48),MOD(C48,1),IFERROR(INDEX(القوائم!$B$1:$B$96,MATCH(TRIM(C48),القوائم!$A$1:$A$96,0)),IFERROR(MOD(TIMEVALUE(C48),1),"")))) | L48: =IF(OR(M48=0,D48=""),"",IF(ISNUMBER(D48),MOD(D48,1),IFERROR(INDEX(القوائم!$B$1:$B$96,MATCH(TRIM(D48),القوائم!$A$1:$A$96,0)),IFERROR(MOD(TIMEVALUE(D48),1),"")))) | M48: =IF(A48="",0,IF(AND(A48>=MSTART,A48<=MEND),1,0)) -> 1
A49: =IF(AND(5<=NW,WFIRST+30>=MSTART,WFIRST+30<=MEND),WFIRST+30,"") -> 46321 | B49: =IF(A49="","",CHOOSE(WEEKDAY(A49,1),"الأحد","الاثنين","الثلاثاء","الأربعاء","الخميس","الجمعة","السبت")) -> الاثنين | E49: =IF(OR(M49=0,K49="",L49=""),"",MOD(L49-K49,1)) | F49: =IF(OR(E49="",M49=0),"",IF(ROUND_MODE="للأعلى",CEILING(ROUND((E49*24*AZZ_RATE),3),0.25),ROUND((E49*24*AZZ_RATE)*4,0)/4)) | K49: =IF(OR(M49=0,C49=""),"",IF(ISNUMBER(C49),MOD(C49,1),IFERROR(INDEX(القوائم!$B$1:$B$96,MATCH(TRIM(C49),القوائم!$A$1:$A$96,0)),IFERROR(MOD(TIMEVALUE(C49),1),"")))) | L49: =IF(OR(M49=0,D49=""),"",IF(ISNUMBER(D49),MOD(D49,1),IFERROR(INDEX(القوائم!$B$1:$B$96,MATCH(TRIM(D49),القوائم!$A$1:$A$96,0)),IFERROR(MOD(TIMEVALUE(D49),1),"")))) | M49: =IF(A49="",0,IF(AND(A49>=MSTART,A49<=MEND),1,0)) -> 1
A50: =IF(AND(5<=NW,WFIRST+31>=MSTART,WFIRST+31<=MEND),WFIRST+31,"") -> 46322 | B50: =IF(A50="","",CHOOSE(WEEKDAY(A50,1),"الأحد","الاثنين","الثلاثاء","الأربعاء","الخميس","الجمعة","السبت")) -> الثلاثاء | E50: =IF(OR(M50=0,K50="",L50=""),"",MOD(L50-K50,1)) | F50: =IF(OR(E50="",M50=0),"",IF(ROUND_MODE="للأعلى",CEILING(ROUND((E50*24*AZZ_RATE),3),0.25),ROUND((E50*24*AZZ_RATE)*4,0)/4)) | K50: =IF(OR(M50=0,C50=""),"",IF(ISNUMBER(C50),MOD(C50,1),IFERROR(INDEX(القوائم!$B$1:$B$96,MATCH(TRIM(C50),القوائم!$A$1:$A$96,0)),IFERROR(MOD(TIMEVALUE(C50),1),"")))) | L50: =IF(OR(M50=0,D50=""),"",IF(ISNUMBER(D50),MOD(D50,1),IFERROR(INDEX(القوائم!$B$1:$B$96,MATCH(TRIM(D50),القوائم!$A$1:$A$96,0)),IFERROR(MOD(TIMEVALUE(D50),1),"")))) | M50: =IF(A50="",0,IF(AND(A50>=MSTART,A50<=MEND),1,0)) -> 1
A51: =IF(AND(5<=NW,WFIRST+32>=MSTART,WFIRST+32<=MEND),WFIRST+32,"") -> 46323 | B51: =IF(A51="","",CHOOSE(WEEKDAY(A51,1),"الأحد","الاثنين","الثلاثاء","الأربعاء","الخميس","الجمعة","السبت")) -> الأربعاء | E51: =IF(OR(M51=0,K51="",L51=""),"",MOD(L51-K51,1)) | F51: =IF(OR(E51="",M51=0),"",IF(ROUND_MODE="للأعلى",CEILING(ROUND((E51*24*AZZ_RATE),3),0.25),ROUND((E51*24*AZZ_RATE)*4,0)/4)) | K51: =IF(OR(M51=0,C51=""),"",IF(ISNUMBER(C51),MOD(C51,1),IFERROR(INDEX(القوائم!$B$1:$B$96,MATCH(TRIM(C51),القوائم!$A$1:$A$96,0)),IFERROR(MOD(TIMEVALUE(C51),1),"")))) | L51: =IF(OR(M51=0,D51=""),"",IF(ISNUMBER(D51),MOD(D51,1),IFERROR(INDEX(القوائم!$B$1:$B$96,MATCH(TRIM(D51),القوائم!$A$1:$A$96,0)),IFERROR(MOD(TIMEVALUE(D51),1),"")))) | M51: =IF(A51="",0,IF(AND(A51>=MSTART,A51<=MEND),1,0)) -> 1
A52: =IF(AND(5<=NW,WFIRST+33>=MSTART,WFIRST+33<=MEND),WFIRST+33,"") -> 46324 | B52: =IF(A52="","",CHOOSE(WEEKDAY(A52,1),"الأحد","الاثنين","الثلاثاء","الأربعاء","الخميس","الجمعة","السبت")) -> الخميس | E52: =IF(OR(M52=0,K52="",L52=""),"",MOD(L52-K52,1)) | F52: =IF(OR(E52="",M52=0),"",IF(ROUND_MODE="للأعلى",CEILING(ROUND((E52*24*AZZ_RATE),3),0.25),ROUND((E52*24*AZZ_RATE)*4,0)/4)) | K52: =IF(OR(M52=0,C52=""),"",IF(ISNUMBER(C52),MOD(C52,1),IFERROR(INDEX(القوائم!$B$1:$B$96,MATCH(TRIM(C52),القوائم!$A$1:$A$96,0)),IFERROR(MOD(TIMEVALUE(C52),1),"")))) | L52: =IF(OR(M52=0,D52=""),"",IF(ISNUMBER(D52),MOD(D52,1),IFERROR(INDEX(القوائم!$B$1:$B$96,MATCH(TRIM(D52),القوائم!$A$1:$A$96,0)),IFERROR(MOD(TIMEVALUE(D52),1),"")))) | M52: =IF(A52="",0,IF(AND(A52>=MSTART,A52<=MEND),1,0)) -> 1
A53: =IF(AND(5<=NW,WFIRST+34>=MSTART,WFIRST+34<=MEND),WFIRST+34,"") -> 46325 | B53: =IF(A53="","",CHOOSE(WEEKDAY(A53,1),"الأحد","الاثنين","الثلاثاء","الأربعاء","الخميس","الجمعة","السبت")) -> الجمعة | E53: =IF(OR(M53=0,K53="",L53=""),"",MOD(L53-K53,1)) | F53: =IF(OR(E53="",M53=0),"",IF(ROUND_MODE="للأعلى",CEILING(ROUND((E53*24*AZZ_RATE),3),0.25),ROUND((E53*24*AZZ_RATE)*4,0)/4)) | K53: =IF(OR(M53=0,C53=""),"",IF(ISNUMBER(C53),MOD(C53,1),IFERROR(INDEX(القوائم!$B$1:$B$96,MATCH(TRIM(C53),القوائم!$A$1:$A$96,0)),IFERROR(MOD(TIMEVALUE(C53),1),"")))) | L53: =IF(OR(M53=0,D53=""),"",IF(ISNUMBER(D53),MOD(D53,1),IFERROR(INDEX(القوائم!$B$1:$B$96,MATCH(TRIM(D53),القوائم!$A$1:$A$96,0)),IFERROR(MOD(TIMEVALUE(D53),1),"")))) | M53: =IF(A53="",0,IF(AND(A53>=MSTART,A53<=MEND),1,0)) -> 1
A54: =IF(5<=NW,"مجموع أيام الأسبوع الخامس","") -> مجموع أيام الأسبوع الخامس | E54: =IF(5<=NW,SUM(E47:E53),"") -> 0 | F54: =IF(5<=NW,SUM(F47:F53),"") -> 0 | H54: =IF(5<=NW,SUM(H47:H53),"") -> 0
A55: =IF(5<=NW,"ساعات تحميل الجبسمبورد بهالأسبوع (رقم: 2 أو 1.5) ←","") -> ساعات تحميل الجبسمبورد بهالأسبوع (رقم: 2 أو 1.5) ← | F55: =IF(5<=NW,N(F54)+IF(ROUND_MODE="للأعلى",CEILING(ROUND((N(E55)*(GYP_RATE-AZZ_RATE)),3),0.25),ROUND((N(E55)*(GYP_RATE-AZZ_RATE))*4,0)/4),"") -> 0 | G55: =IF(5<=NW,"← المستحق النهائي للأسبوع (دينار) مع فرق الجبسمبورد","") -> ← المستحق النهائي للأسبوع (دينار) مع فرق الجبسمبورد
A56: =IF(6<=NW,"الأسبوع السادس","") -> الأسبوع السادس
A57: =IF(AND(6<=NW,WFIRST+35>=MSTART,WFIRST+35<=MEND),WFIRST+35,"") -> 46326 | B57: =IF(A57="","",CHOOSE(WEEKDAY(A57,1),"الأحد","الاثنين","الثلاثاء","الأربعاء","الخميس","الجمعة","السبت")) -> السبت | E57: =IF(OR(M57=0,K57="",L57=""),"",MOD(L57-K57,1)) | F57: =IF(OR(E57="",M57=0),"",IF(ROUND_MODE="للأعلى",CEILING(ROUND((E57*24*AZZ_RATE),3),0.25),ROUND((E57*24*AZZ_RATE)*4,0)/4)) | K57: =IF(OR(M57=0,C57=""),"",IF(ISNUMBER(C57),MOD(C57,1),IFERROR(INDEX(القوائم!$B$1:$B$96,MATCH(TRIM(C57),القوائم!$A$1:$A$96,0)),IFERROR(MOD(TIMEVALUE(C57),1),"")))) | L57: =IF(OR(M57=0,D57=""),"",IF(ISNUMBER(D57),MOD(D57,1),IFERROR(INDEX(القوائم!$B$1:$B$96,MATCH(TRIM(D57),القوائم!$A$1:$A$96,0)),IFERROR(MOD(TIMEVALUE(D57),1),"")))) | M57: =IF(A57="",0,IF(AND(A57>=MSTART,A57<=MEND),1,0)) -> 1
A58: =IF(AND(6<=NW,WFIRST+36>=MSTART,WFIRST+36<=MEND),WFIRST+36,"") | B58: =IF(A58="","",CHOOSE(WEEKDAY(A58,1),"الأحد","الاثنين","الثلاثاء","الأربعاء","الخميس","الجمعة","السبت")) | E58: =IF(OR(M58=0,K58="",L58=""),"",MOD(L58-K58,1)) | F58: =IF(OR(E58="",M58=0),"",IF(ROUND_MODE="للأعلى",CEILING(ROUND((E58*24*AZZ_RATE),3),0.25),ROUND((E58*24*AZZ_RATE)*4,0)/4)) | K58: =IF(OR(M58=0,C58=""),"",IF(ISNUMBER(C58),MOD(C58,1),IFERROR(INDEX(القوائم!$B$1:$B$96,MATCH(TRIM(C58),القوائم!$A$1:$A$96,0)),IFERROR(MOD(TIMEVALUE(C58),1),"")))) | L58: =IF(OR(M58=0,D58=""),"",IF(ISNUMBER(D58),MOD(D58,1),IFERROR(INDEX(القوائم!$B$1:$B$96,MATCH(TRIM(D58),القوائم!$A$1:$A$96,0)),IFERROR(MOD(TIMEVALUE(D58),1),"")))) | M58: =IF(A58="",0,IF(AND(A58>=MSTART,A58<=MEND),1,0)) -> 0
A59: =IF(AND(6<=NW,WFIRST+37>=MSTART,WFIRST+37<=MEND),WFIRST+37,"") | B59: =IF(A59="","",CHOOSE(WEEKDAY(A59,1),"الأحد","الاثنين","الثلاثاء","الأربعاء","الخميس","الجمعة","السبت")) | E59: =IF(OR(M59=0,K59="",L59=""),"",MOD(L59-K59,1)) | F59: =IF(OR(E59="",M59=0),"",IF(ROUND_MODE="للأعلى",CEILING(ROUND((E59*24*AZZ_RATE),3),0.25),ROUND((E59*24*AZZ_RATE)*4,0)/4)) | K59: =IF(OR(M59=0,C59=""),"",IF(ISNUMBER(C59),MOD(C59,1),IFERROR(INDEX(القوائم!$B$1:$B$96,MATCH(TRIM(C59),القوائم!$A$1:$A$96,0)),IFERROR(MOD(TIMEVALUE(C59),1),"")))) | L59: =IF(OR(M59=0,D59=""),"",IF(ISNUMBER(D59),MOD(D59,1),IFERROR(INDEX(القوائم!$B$1:$B$96,MATCH(TRIM(D59),القوائم!$A$1:$A$96,0)),IFERROR(MOD(TIMEVALUE(D59),1),"")))) | M59: =IF(A59="",0,IF(AND(A59>=MSTART,A59<=MEND),1,0)) -> 0
A60: =IF(AND(6<=NW,WFIRST+38>=MSTART,WFIRST+38<=MEND),WFIRST+38,"") | B60: =IF(A60="","",CHOOSE(WEEKDAY(A60,1),"الأحد","الاثنين","الثلاثاء","الأربعاء","الخميس","الجمعة","السبت")) | E60: =IF(OR(M60=0,K60="",L60=""),"",MOD(L60-K60,1)) | F60: =IF(OR(E60="",M60=0),"",IF(ROUND_MODE="للأعلى",CEILING(ROUND((E60*24*AZZ_RATE),3),0.25),ROUND((E60*24*AZZ_RATE)*4,0)/4)) | K60: =IF(OR(M60=0,C60=""),"",IF(ISNUMBER(C60),MOD(C60,1),IFERROR(INDEX(القوائم!$B$1:$B$96,MATCH(TRIM(C60),القوائم!$A$1:$A$96,0)),IFERROR(MOD(TIMEVALUE(C60),1),"")))) | L60: =IF(OR(M60=0,D60=""),"",IF(ISNUMBER(D60),MOD(D60,1),IFERROR(INDEX(القوائم!$B$1:$B$96,MATCH(TRIM(D60),القوائم!$A$1:$A$96,0)),IFERROR(MOD(TIMEVALUE(D60),1),"")))) | M60: =IF(A60="",0,IF(AND(A60>=MSTART,A60<=MEND),1,0)) -> 0
A61: =IF(AND(6<=NW,WFIRST+39>=MSTART,WFIRST+39<=MEND),WFIRST+39,"") | B61: =IF(A61="","",CHOOSE(WEEKDAY(A61,1),"الأحد","الاثنين","الثلاثاء","الأربعاء","الخميس","الجمعة","السبت")) | E61: =IF(OR(M61=0,K61="",L61=""),"",MOD(L61-K61,1)) | F61: =IF(OR(E61="",M61=0),"",IF(ROUND_MODE="للأعلى",CEILING(ROUND((E61*24*AZZ_RATE),3),0.25),ROUND((E61*24*AZZ_RATE)*4,0)/4)) | K61: =IF(OR(M61=0,C61=""),"",IF(ISNUMBER(C61),MOD(C61,1),IFERROR(INDEX(القوائم!$B$1:$B$96,MATCH(TRIM(C61),القوائم!$A$1:$A$96,0)),IFERROR(MOD(TIMEVALUE(C61),1),"")))) | L61: =IF(OR(M61=0,D61=""),"",IF(ISNUMBER(D61),MOD(D61,1),IFERROR(INDEX(القوائم!$B$1:$B$96,MATCH(TRIM(D61),القوائم!$A$1:$A$96,0)),IFERROR(MOD(TIMEVALUE(D61),1),"")))) | M61: =IF(A61="",0,IF(AND(A61>=MSTART,A61<=MEND),1,0)) -> 0
A62: =IF(AND(6<=NW,WFIRST+40>=MSTART,WFIRST+40<=MEND),WFIRST+40,"") | B62: =IF(A62="","",CHOOSE(WEEKDAY(A62,1),"الأحد","الاثنين","الثلاثاء","الأربعاء","الخميس","الجمعة","السبت")) | E62: =IF(OR(M62=0,K62="",L62=""),"",MOD(L62-K62,1)) | F62: =IF(OR(E62="",M62=0),"",IF(ROUND_MODE="للأعلى",CEILING(ROUND((E62*24*AZZ_RATE),3),0.25),ROUND((E62*24*AZZ_RATE)*4,0)/4)) | K62: =IF(OR(M62=0,C62=""),"",IF(ISNUMBER(C62),MOD(C62,1),IFERROR(INDEX(القوائم!$B$1:$B$96,MATCH(TRIM(C62),القوائم!$A$1:$A$96,0)),IFERROR(MOD(TIMEVALUE(C62),1),"")))) | L62: =IF(OR(M62=0,D62=""),"",IF(ISNUMBER(D62),MOD(D62,1),IFERROR(INDEX(القوائم!$B$1:$B$96,MATCH(TRIM(D62),القوائم!$A$1:$A$96,0)),IFERROR(MOD(TIMEVALUE(D62),1),"")))) | M62: =IF(A62="",0,IF(AND(A62>=MSTART,A62<=MEND),1,0)) -> 0
A63: =IF(AND(6<=NW,WFIRST+41>=MSTART,WFIRST+41<=MEND),WFIRST+41,"") | B63: =IF(A63="","",CHOOSE(WEEKDAY(A63,1),"الأحد","الاثنين","الثلاثاء","الأربعاء","الخميس","الجمعة","السبت")) | E63: =IF(OR(M63=0,K63="",L63=""),"",MOD(L63-K63,1)) | F63: =IF(OR(E63="",M63=0),"",IF(ROUND_MODE="للأعلى",CEILING(ROUND((E63*24*AZZ_RATE),3),0.25),ROUND((E63*24*AZZ_RATE)*4,0)/4)) | K63: =IF(OR(M63=0,C63=""),"",IF(ISNUMBER(C63),MOD(C63,1),IFERROR(INDEX(القوائم!$B$1:$B$96,MATCH(TRIM(C63),القوائم!$A$1:$A$96,0)),IFERROR(MOD(TIMEVALUE(C63),1),"")))) | L63: =IF(OR(M63=0,D63=""),"",IF(ISNUMBER(D63),MOD(D63,1),IFERROR(INDEX(القوائم!$B$1:$B$96,MATCH(TRIM(D63),القوائم!$A$1:$A$96,0)),IFERROR(MOD(TIMEVALUE(D63),1),"")))) | M63: =IF(A63="",0,IF(AND(A63>=MSTART,A63<=MEND),1,0)) -> 0
A64: =IF(6<=NW,"مجموع أيام الأسبوع السادس","") -> مجموع أيام الأسبوع السادس | E64: =IF(6<=NW,SUM(E57:E63),"") -> 0 | F64: =IF(6<=NW,SUM(F57:F63),"") -> 0 | H64: =IF(6<=NW,SUM(H57:H63),"") -> 0
A65: =IF(6<=NW,"ساعات تحميل الجبسمبورد بهالأسبوع (رقم: 2 أو 1.5) ←","") -> ساعات تحميل الجبسمبورد بهالأسبوع (رقم: 2 أو 1.5) ← | F65: =IF(6<=NW,N(F64)+IF(ROUND_MODE="للأعلى",CEILING(ROUND((N(E65)*(GYP_RATE-AZZ_RATE)),3),0.25),ROUND((N(E65)*(GYP_RATE-AZZ_RATE))*4,0)/4),"") -> 0 | G65: =IF(6<=NW,"← المستحق النهائي للأسبوع (دينار) مع فرق الجبسمبورد","") -> ← المستحق النهائي للأسبوع (دينار) مع فرق الجبسمبورد

Sheet السلف
A1: السلف الأسبوعية — بتنخصم كاملة من راتب نفس الأسبوع
A2: ="شهر "&TEXT(التسوية!$C$3,"00")&" / "&التسوية!$E$3 -> شهر 10 / 2026
A3: الموظف | B3: سلف هالشهر (دينار) | C3: سلف الأسبوع المختار (دينار)
A4: عمر المصري | B4: =SUMIFS(ADV_AMT,ADV_E,A4) -> 0 | C4: =SUMIFS(ADV_AMT,ADV_E,A4,ADV_D,">="&WS,ADV_D,"<="&WE) -> 0
A5: عبدالعزيز | B5: =SUMIFS(ADV_AMT,ADV_E,A5) -> 0 | C5: =SUMIFS(ADV_AMT,ADV_E,A5,ADV_D,">="&WS,ADV_D,"<="&WE) -> 0
A7: • كاش بياخذه وسط الأسبوع ← بينخصم كامل من صافي نفس الأسبوع. القروض والبضاعة (اللي بتنخصم أقساط) بورقة «القروض والديون».
A9: التاريخ | B9: الموظف | C9: المبلغ (دينار) | D9: البيان
F10: =IF(A10="","",IF(ISNUMBER(A10),IF(A10<=31,DATE(YEAR(MSTART),MONTH(MSTART),A10),IF(A10<=3112,DATE(YEAR(MSTART),MOD(A10,100),INT(A10/100)),A10)),IFERROR(DATEVALUE(A10),"")))
F11: =IF(A11="","",IF(ISNUMBER(A11),IF(A11<=31,DATE(YEAR(MSTART),MONTH(MSTART),A11),IF(A11<=3112,DATE(YEAR(MSTART),MOD(A11,100),INT(A11/100)),A11)),IFERROR(DATEVALUE(A11),"")))
F12: =IF(A12="","",IF(ISNUMBER(A12),IF(A12<=31,DATE(YEAR(MSTART),MONTH(MSTART),A12),IF(A12<=3112,DATE(YEAR(MSTART),MOD(A12,100),INT(A12/100)),A12)),IFERROR(DATEVALUE(A12),"")))
F13: =IF(A13="","",IF(ISNUMBER(A13),IF(A13<=31,DATE(YEAR(MSTART),MONTH(MSTART),A13),IF(A13<=3112,DATE(YEAR(MSTART),MOD(A13,100),INT(A13/100)),A13)),IFERROR(DATEVALUE(A13),"")))
F14: =IF(A14="","",IF(ISNUMBER(A14),IF(A14<=31,DATE(YEAR(MSTART),MONTH(MSTART),A14),IF(A14<=3112,DATE(YEAR(MSTART),MOD(A14,100),INT(A14/100)),A14)),IFERROR(DATEVALUE(A14),"")))
F15: =IF(A15="","",IF(ISNUMBER(A15),IF(A15<=31,DATE(YEAR(MSTART),MONTH(MSTART),A15),IF(A15<=3112,DATE(YEAR(MSTART),MOD(A15,100),INT(A15/100)),A15)),IFERROR(DATEVALUE(A15),"")))
F16: =IF(A16="","",IF(ISNUMBER(A16),IF(A16<=31,DATE(YEAR(MSTART),MONTH(MSTART),A16),IF(A16<=3112,DATE(YEAR(MSTART),MOD(A16,100),INT(A16/100)),A16)),IFERROR(DATEVALUE(A16),"")))
F17: =IF(A17="","",IF(ISNUMBER(A17),IF(A17<=31,DATE(YEAR(MSTART),MONTH(MSTART),A17),IF(A17<=3112,DATE(YEAR(MSTART),MOD(A17,100),INT(A17/100)),A17)),IFERROR(DATEVALUE(A17),"")))
F18: =IF(A18="","",IF(ISNUMBER(A18),IF(A18<=31,DATE(YEAR(MSTART),MONTH(MSTART),A18),IF(A18<=3112,DATE(YEAR(MSTART),MOD(A18,100),INT(A18/100)),A18)),IFERROR(DATEVALUE(A18),"")))
F19: =IF(A19="","",IF(ISNUMBER(A19),IF(A19<=31,DATE(YEAR(MSTART),MONTH(MSTART),A19),IF(A19<=3112,DATE(YEAR(MSTART),MOD(A19,100),INT(A19/100)),A19)),IFERROR(DATEVALUE(A19),"")))
F20: =IF(A20="","",IF(ISNUMBER(A20),IF(A20<=31,DATE(YEAR(MSTART),MONTH(MSTART),A20),IF(A20<=3112,DATE(YEAR(MSTART),MOD(A20,100),INT(A20/100)),A20)),IFERROR(DATEVALUE(A20),"")))
F21: =IF(A21="","",IF(ISNUMBER(A21),IF(A21<=31,DATE(YEAR(MSTART),MONTH(MSTART),A21),IF(A21<=3112,DATE(YEAR(MSTART),MOD(A21,100),INT(A21/100)),A21)),IFERROR(DATEVALUE(A21),"")))
... F129: =IF(A129="","",IF(ISNUMBER(A129),IF(A129<=31,DATE(YEAR(MSTART),MONTH(MSTART),A129),IF(A129<=3112,DATE(YEAR(MSTART),MOD(A129,100),INT(A129/100)),A129)),IFERROR(DATEVALUE(A129),"")))
A131: مثال: 5 · عمر المصري · 20.000 · «كاش من الصندوق»

Sheet القروض والديون
A1: القروض والديون — بتنخصم أقساط كل أسبوع
A2: ="شهر "&TEXT(التسوية!$C$3,"00")&" / "&التسوية!$E$3 -> شهر 10 / 2026
A3: الموظف | B3: القروض والديون (مع الماضي) | C3: انخصم أقساط هالشهر | D3: تسديد مباشر | E3: الدين المتبقي | F3: القسط الأسبوعي الحالي | G3: قديش ضل
A4: عمر المصري | B4: =التسوية!$C$9+SUMIFS(LG_DEBT,LG_E,A4) -> 0 | C4: =التسوية!F28 -> 0 | D4: =SUMIFS(LG_REP,LG_E,A4) -> 0 | E4: =MAX(0,B4-C4-D4) -> 0 | F4: =IF(E4>0,IF(_xlfn.MAXIFS(LG_IDX,LG_E,"عمر المصري",LG_INST,"<>",LG_D,"<="&MEND)=0,التسوية!$D$9,INDEX(LG_INST,_xlfn.MAXIFS(LG_IDX,LG_E,"عمر المصري",LG_INST,"<>",LG_D,"<="&MEND))),0) -> 0 | G4: =IF(E4<0.0005,"✔ ما عليه شي",IF(F4>0,ROUNDUP(E4/F4,0)&" أسبوع تقريباً","⚠️ حدّد القسط")) -> ✔ ما عليه شي
A5: عبدالعزيز | B5: =التسوية!$C$10+SUMIFS(LG_DEBT,LG_E,A5) -> 0 | C5: =التسوية!G38 -> 0 | D5: =SUMIFS(LG_REP,LG_E,A5) -> 0 | E5: =MAX(0,B5-C5-D5) -> 0 | F5: =IF(E5>0,IF(_xlfn.MAXIFS(LG_IDX,LG_E,"عبدالعزيز",LG_INST,"<>",LG_D,"<="&MEND)=0,التسوية!$D$10,INDEX(LG_INST,_xlfn.MAXIFS(LG_IDX,LG_E,"عبدالعزيز",LG_INST,"<>",LG_D,"<="&MEND))),0) -> 0 | G5: =IF(E5<0.0005,"✔ ما عليه شي",IF(F5>0,ROUNDUP(E5/F5,0)&" أسبوع تقريباً","⚠️ حدّد القسط")) -> ✔ ما عليه شي
A7: • قرض أو دين أو بضاعة: اكتب المبلغ والقسط الأسبوعي بنفس السطر ← القسط بينخصم كل أسبوع لحاله لحد ما يخلص (آخر قسط = الباقي بس).
A8: • بدك تغيّر القسط؟ سطر جديد فيه القسط الجديد بس. · تسديد مباشر: لو دفع من جيبته ← بينقص من الدين فوراً.
A10: التاريخ | B10: الموظف | C10: قرض / دين / بضاعة (دينار) | D10: القسط الأسبوعي (دينار) | E10: تسديد مباشر (دينار) | F10: البيان
J11: 1 | K11: =IF(A11="","",IF(ISNUMBER(A11),IF(A11<=31,DATE(YEAR(MSTART),MONTH(MSTART),A11),IF(A11<=3112,DATE(YEAR(MSTART),MOD(A11,100),INT(A11/100)),A11)),IFERROR(DATEVALUE(A11),"")))
J12: 2 | K12: =IF(A12="","",IF(ISNUMBER(A12),IF(A12<=31,DATE(YEAR(MSTART),MONTH(MSTART),A12),IF(A12<=3112,DATE(YEAR(MSTART),MOD(A12,100),INT(A12/100)),A12)),IFERROR(DATEVALUE(A12),"")))
J13: 3 | K13: =IF(A13="","",IF(ISNUMBER(A13),IF(A13<=31,DATE(YEAR(MSTART),MONTH(MSTART),A13),IF(A13<=3112,DATE(YEAR(MSTART),MOD(A13,100),INT(A13/100)),A13)),IFERROR(DATEVALUE(A13),"")))
J14: 4 | K14: =IF(A14="","",IF(ISNUMBER(A14),IF(A14<=31,DATE(YEAR(MSTART),MONTH(MSTART),A14),IF(A14<=3112,DATE(YEAR(MSTART),MOD(A14,100),INT(A14/100)),A14)),IFERROR(DATEVALUE(A14),"")))
J15: 5 | K15: =IF(A15="","",IF(ISNUMBER(A15),IF(A15<=31,DATE(YEAR(MSTART),MONTH(MSTART),A15),IF(A15<=3112,DATE(YEAR(MSTART),MOD(A15,100),INT(A15/100)),A15)),IFERROR(DATEVALUE(A15),"")))
J16: 6 | K16: =IF(A16="","",IF(ISNUMBER(A16),IF(A16<=31,DATE(YEAR(MSTART),MONTH(MSTART),A16),IF(A16<=3112,DATE(YEAR(MSTART),MOD(A16,100),INT(A16/100)),A16)),IFERROR(DATEVALUE(A16),"")))
J17: 7 | K17: =IF(A17="","",IF(ISNUMBER(A17),IF(A17<=31,DATE(YEAR(MSTART),MONTH(MSTART),A17),IF(A17<=3112,DATE(YEAR(MSTART),MOD(A17,100),INT(A17/100)),A17)),IFERROR(DATEVALUE(A17),"")))
J18: 8 | K18: =IF(A18="","",IF(ISNUMBER(A18),IF(A18<=31,DATE(YEAR(MSTART),MONTH(MSTART),A18),IF(A18<=3112,DATE(YEAR(MSTART),MOD(A18,100),INT(A18/100)),A18)),IFERROR(DATEVALUE(A18),"")))
J19: 9 | K19: =IF(A19="","",IF(ISNUMBER(A19),IF(A19<=31,DATE(YEAR(MSTART),MONTH(MSTART),A19),IF(A19<=3112,DATE(YEAR(MSTART),MOD(A19,100),INT(A19/100)),A19)),IFERROR(DATEVALUE(A19),"")))
J20: 10 | K20: =IF(A20="","",IF(ISNUMBER(A20),IF(A20<=31,DATE(YEAR(MSTART),MONTH(MSTART),A20),IF(A20<=3112,DATE(YEAR(MSTART),MOD(A20,100),INT(A20/100)),A20)),IFERROR(DATEVALUE(A20),"")))
J21: 11 | K21: =IF(A21="","",IF(ISNUMBER(A21),IF(A21<=31,DATE(YEAR(MSTART),MONTH(MSTART),A21),IF(A21<=3112,DATE(YEAR(MSTART),MOD(A21,100),INT(A21/100)),A21)),IFERROR(DATEVALUE(A21),"")))
J22: 12 | K22: =IF(A22="","",IF(ISNUMBER(A22),IF(A22<=31,DATE(YEAR(MSTART),MONTH(MSTART),A22),IF(A22<=3112,DATE(YEAR(MSTART),MOD(A22,100),INT(A22/100)),A22)),IFERROR(DATEVALUE(A22),"")))
... J130: 120 | K130: =IF(A130="","",IF(ISNUMBER(A130),IF(A130<=31,DATE(YEAR(MSTART),MONTH(MSTART),A130),IF(A130<=3112,DATE(YEAR(MSTART),MOD(A130,100),INT(A130/100)),A130)),IFERROR(DATEVALUE(A130),"")))
A132: أمثلة: 7 · عمر المصري · 497.000 · القسط 30.000 · «قرض» | 20 · عمر المصري · تسديد مباشر 50.000

Sheet المدير
A1: المدير — 125 دينار كل 10 أيام
A2: ="شهر "&TEXT(التسوية!$C$3,"00")&" / "&التسوية!$E$3&" · الفترات اللي بتخلص بهالشهر" -> شهر 10 / 2026 · الفترات اللي بتخلص بهالشهر
A3: الفترات بتطلع لحالها من «بداية أول فترة» بورقة القواعد، وكل فترة بتنحسب بملف الشهر اللي بتخلص فيه. سلفه وديونه بجدول تحت بهالورقة نفسها.
A5: افتتاح الشهر | B5: مستحق له لسا ما قبضه | C5: دين متبقي عليه | D5: القسط كل فترة
A6: من الشهر الماضي | B6: 0 | C6: 0 | D6: 0
A8: الفترة | B8: من | C8: إلى | D8: الراتب (دينار) | E8: + مدوّر | F8: − السلف | G8: − القسط | H8: الصافي | I8: المدفوع (دينار) | J8: الباقي له | K8: الدين المتبقي | L8: =MAX(0,ROUNDUP((MSTART-MGR_START-9)/10,0)) -> 0
A9: =IF(B9="","","الفترة الأولى") -> الفترة الأولى | B9: =IF(AND(MGR_START+10*($L$8+0)+9>=MSTART,MGR_START+10*($L$8+0)+9<=MEND),MGR_START+10*($L$8+0),"") -> 46291 | C9: =IF(B9="","",B9+9) -> 46300 | D9: =IF(B9="","",MGR_SAL) -> 125 | E9: =IF(B9="","",$B$6) -> 0 | F9: =IF(B9="","",SUMIFS($B$18:$B$42,$M$18:$M$42,">="&B9,$M$18:$M$42,"<="&C9)) -> 0 | G9: =IF(B9="","",MIN(IF(_xlfn.MAXIFS($L$18:$L$42,$D$18:$D$42,"<>",$M$18:$M$42,"<="&C9)=0,$D$6,INDEX($D$18:$D$42,_xlfn.MAXIFS($L$18:$L$42,$D$18:$D$42,"<>",$M$18:$M$42,"<="&C9))),MAX(0,$C$6+SUMIFS($C$18:$C$42,$M$18:$M$42,"<="&C9)-SUMIFS($E$18:$E$42,$M$18:$M$42,"<="&C9)-0))) -> 0 | H9: =IF(B9="","",D9+E9-F9-G9) -> 125 | J9: =IF(B9="","",H9-N(I9)) -> 125 | K9: =IF(B9="","",MAX(0,$C$6+SUMIFS($C$18:$C$42,$M$18:$M$42,"<="&C9)-SUMIFS($E$18:$E$42,$M$18:$M$42,"<="&C9)-SUM(G9:G9))) -> 0
A10: =IF(B10="","","الفترة الثانية") -> الفترة الثانية | B10: =IF(AND(MGR_START+10*($L$8+1)+9>=MSTART,MGR_START+10*($L$8+1)+9<=MEND),MGR_START+10*($L$8+1),"") -> 46301 | C10: =IF(B10="","",B10+9) -> 46310 | D10: =IF(B10="","",MGR_SAL) -> 125 | E10: =IF(B10="","",0) -> 0 | F10: =IF(B10="","",SUMIFS($B$18:$B$42,$M$18:$M$42,">="&B10,$M$18:$M$42,"<="&C10)) -> 0 | G10: =IF(B10="","",MIN(IF(_xlfn.MAXIFS($L$18:$L$42,$D$18:$D$42,"<>",$M$18:$M$42,"<="&C10)=0,$D$6,INDEX($D$18:$D$42,_xlfn.MAXIFS($L$18:$L$42,$D$18:$D$42,"<>",$M$18:$M$42,"<="&C10))),MAX(0,$C$6+SUMIFS($C$18:$C$42,$M$18:$M$42,"<="&C10)-SUMIFS($E$18:$E$42,$M$18:$M$42,"<="&C10)-SUM(G9:G9)))) -> 0 | H10: =IF(B10="","",D10+E10-F10-G10) -> 125 | J10: =IF(B10="","",H10-N(I10)) -> 125 | K10: =IF(B10="","",MAX(0,$C$6+SUMIFS($C$18:$C$42,$M$18:$M$42,"<="&C10)-SUMIFS($E$18:$E$42,$M$18:$M$42,"<="&C10)-SUM(G9:G10))) -> 0
A11: =IF(B11="","","الفترة الثالثة") -> الفترة الثالثة | B11: =IF(AND(MGR_START+10*($L$8+2)+9>=MSTART,MGR_START+10*($L$8+2)+9<=MEND),MGR_START+10*($L$8+2),"") -> 46311 | C11: =IF(B11="","",B11+9) -> 46320 | D11: =IF(B11="","",MGR_SAL) -> 125 | E11: =IF(B11="","",0) -> 0 | F11: =IF(B11="","",SUMIFS($B$18:$B$42,$M$18:$M$42,">="&B11,$M$18:$M$42,"<="&C11)) -> 0 | G11: =IF(B11="","",MIN(IF(_xlfn.MAXIFS($L$18:$L$42,$D$18:$D$42,"<>",$M$18:$M$42,"<="&C11)=0,$D$6,INDEX($D$18:$D$42,_xlfn.MAXIFS($L$18:$L$42,$D$18:$D$42,"<>",$M$18:$M$42,"<="&C11))),MAX(0,$C$6+SUMIFS($C$18:$C$42,$M$18:$M$42,"<="&C11)-SUMIFS($E$18:$E$42,$M$18:$M$42,"<="&C11)-SUM(G9:G10)))) -> 0 | H11: =IF(B11="","",D11+E11-F11-G11) -> 125 | J11: =IF(B11="","",H11-N(I11)) -> 125 | K11: =IF(B11="","",MAX(0,$C$6+SUMIFS($C$18:$C$42,$M$18:$M$42,"<="&C11)-SUMIFS($E$18:$E$42,$M$18:$M$42,"<="&C11)-SUM(G9:G11))) -> 0
A12: =IF(B12="","","الفترة الرابعة") | B12: =IF(AND(MGR_START+10*($L$8+3)+9>=MSTART,MGR_START+10*($L$8+3)+9<=MEND),MGR_START+10*($L$8+3),"") | C12: =IF(B12="","",B12+9) | D12: =IF(B12="","",MGR_SAL) | E12: =IF(B12="","",0) | F12: =IF(B12="","",SUMIFS($B$18:$B$42,$M$18:$M$42,">="&B12,$M$18:$M$42,"<="&C12)) | G12: =IF(B12="","",MIN(IF(_xlfn.MAXIFS($L$18:$L$42,$D$18:$D$42,"<>",$M$18:$M$42,"<="&C12)=0,$D$6,INDEX($D$18:$D$42,_xlfn.MAXIFS($L$18:$L$42,$D$18:$D$42,"<>",$M$18:$M$42,"<="&C12))),MAX(0,$C$6+SUMIFS($C$18:$C$42,$M$18:$M$42,"<="&C12)-SUMIFS($E$18:$E$42,$M$18:$M$42,"<="&C12)-SUM(G9:G11)))) | H12: =IF(B12="","",D12+E12-F12-G12) | J12: =IF(B12="","",H12-N(I12)) | K12: =IF(B12="","",MAX(0,$C$6+SUMIFS($C$18:$C$42,$M$18:$M$42,"<="&C12)-SUMIFS($E$18:$E$42,$M$18:$M$42,"<="&C12)-SUM(G9:G12)))
A13: مجموع الشهر | D13: =SUM(D9:D12) -> 375 | E13: =SUM(E9:E12) -> 0 | F13: =SUM(F9:F12) -> 0 | G13: =SUM(G9:G12) -> 0 | H13: =SUM(H9:H12) -> 375 | I13: =SUM(I9:I12) -> 0 | J13: =SUM(J9:J12) -> 375
A15: إقفال الشهر ← افتتاح الشهر الجاي: | C15: مستحق له | D15: =J13 -> 375 | E15: دين عليه | F15: =MAX(0,C6+SUM(C18:C42)-SUM(E18:E42)-G13) -> 0
A17: التاريخ | B17: سلفة (دينار) | C17: قرض / دين / بضاعة (دينار) | D17: القسط كل فترة (دينار) | E17: تسديد مباشر (دينار) | F17: البيان
L18: 1 | M18: =IF(A18="","",IF(ISNUMBER(A18),IF(A18<=31,DATE(YEAR(MSTART),MONTH(MSTART),A18),IF(A18<=3112,DATE(YEAR(MSTART),MOD(A18,100),INT(A18/100)),A18)),IFERROR(DATEVALUE(A18),"")))
L19: 2 | M19: =IF(A19="","",IF(ISNUMBER(A19),IF(A19<=31,DATE(YEAR(MSTART),MONTH(MSTART),A19),IF(A19<=3112,DATE(YEAR(MSTART),MOD(A19,100),INT(A19/100)),A19)),IFERROR(DATEVALUE(A19),"")))
L20: 3 | M20: =IF(A20="","",IF(ISNUMBER(A20),IF(A20<=31,DATE(YEAR(MSTART),MONTH(MSTART),A20),IF(A20<=3112,DATE(YEAR(MSTART),MOD(A20,100),INT(A20/100)),A20)),IFERROR(DATEVALUE(A20),"")))
L21: 4 | M21: =IF(A21="","",IF(ISNUMBER(A21),IF(A21<=31,DATE(YEAR(MSTART),MONTH(MSTART),A21),IF(A21<=3112,DATE(YEAR(MSTART),MOD(A21,100),INT(A21/100)),A21)),IFERROR(DATEVALUE(A21),"")))
L22: 5 | M22: =IF(A22="","",IF(ISNUMBER(A22),IF(A22<=31,DATE(YEAR(MSTART),MONTH(MSTART),A22),IF(A22<=3112,DATE(YEAR(MSTART),MOD(A22,100),INT(A22/100)),A22)),IFERROR(DATEVALUE(A22),"")))
L23: 6 | M23: =IF(A23="","",IF(ISNUMBER(A23),IF(A23<=31,DATE(YEAR(MSTART),MONTH(MSTART),A23),IF(A23<=3112,DATE(YEAR(MSTART),MOD(A23,100),INT(A23/100)),A23)),IFERROR(DATEVALUE(A23),"")))
L24: 7 | M24: =IF(A24="","",IF(ISNUMBER(A24),IF(A24<=31,DATE(YEAR(MSTART),MONTH(MSTART),A24),IF(A24<=3112,DATE(YEAR(MSTART),MOD(A24,100),INT(A24/100)),A24)),IFERROR(DATEVALUE(A24),"")))
L25: 8 | M25: =IF(A25="","",IF(ISNUMBER(A25),IF(A25<=31,DATE(YEAR(MSTART),MONTH(MSTART),A25),IF(A25<=3112,DATE(YEAR(MSTART),MOD(A25,100),INT(A25/100)),A25)),IFERROR(DATEVALUE(A25),"")))
L26: 9 | M26: =IF(A26="","",IF(ISNUMBER(A26),IF(A26<=31,DATE(YEAR(MSTART),MONTH(MSTART),A26),IF(A26<=3112,DATE(YEAR(MSTART),MOD(A26,100),INT(A26/100)),A26)),IFERROR(DATEVALUE(A26),"")))
L27: 10 | M27: =IF(A27="","",IF(ISNUMBER(A27),IF(A27<=31,DATE(YEAR(MSTART),MONTH(MSTART),A27),IF(A27<=3112,DATE(YEAR(MSTART),MOD(A27,100),INT(A27/100)),A27)),IFERROR(DATEVALUE(A27),"")))
L28: 11 | M28: =IF(A28="","",IF(ISNUMBER(A28),IF(A28<=31,DATE(YEAR(MSTART),MONTH(MSTART),A28),IF(A28<=3112,DATE(YEAR(MSTART),MOD(A28,100),INT(A28/100)),A28)),IFERROR(DATEVALUE(A28),"")))
L29: 12 | M29: =IF(A29="","",IF(ISNUMBER(A29),IF(A29<=31,DATE(YEAR(MSTART),MONTH(MSTART),A29),IF(A29<=3112,DATE(YEAR(MSTART),MOD(A29,100),INT(A29/100)),A29)),IFERROR(DATEVALUE(A29),"")))
... L42: 25 | M42: =IF(A42="","",IF(ISNUMBER(A42),IF(A42<=31,DATE(YEAR(MSTART),MONTH(MSTART),A42),IF(A42<=3112,DATE(YEAR(MSTART),MOD(A42,100),INT(A42/100)),A42)),IFERROR(DATEVALUE(A42),"")))

Sheet عمال المهام
A1: عمال المهام — بيندفعلهم مباشرة
A2: ="شهر "&TEXT(التسوية!$C$3,"00")&" / "&التسوية!$E$3 -> شهر 10 / 2026
A3: كل مهمة سطر: التاريخ، العامل، شو عمل، وقديش أخذ. بلا أسعار ثابتة.
A5: التاريخ | B5: اسم العامل | C5: المهمة | D5: المبلغ المدفوع (دينار) | E5: ملاحظات
C66: مجموع الشهر | D66: =SUM(D6:D65) -> 0
A68: مثال: 07/10/2026 · محمد · تنزيل طبلية جبسمبورد · 10.000

Sheet القواعد
A1: القواعد والأسعار — كل الحسابات بتقرأ من هون
A3: # | B3: القاعدة | C3: القيمة | D3: الشرح
A4: 1 | B4: عمر المصري — أجر الساعة العادية (دينار) | C4: 1.25 | D4: السبت–الخميس لحد بداية الإضافي، والجمعة كل ساعاته.
A5: 2 | B5: عمر المصري — أجر ساعة الإضافي (دينار) | C5: 1.5 | D5: السبت–الخميس بعد الوقت اللي تحت.
A6: 3 | B6: عمر المصري — بداية الإضافي | C6: 0.75 | D6: الجمعة ما إلها إضافي.
A7: 4 | B7: عمر المصري — دوام الجمعة من | C7: 0.58333333 | D7: للتنبيه بس — الحساب حسب الساعات الفعلية.
A8: 5 | B8: عمر المصري — دوام الجمعة إلى | C8: 0.95833333
A9: 6 | B9: عبدالعزيز — أجر الساعة (دينار) | C9: 1 | D9: أي يوم. بيقبض نهاية كل يوم.
A10: 7 | B10: تحميل الجبسمبورد — أجر الساعة (دينار) | C10: 2.5 | D10: ساعات التحميل جزء من ساعات الدوام، بس بتنحسب @2.5 بدل الأجر العادي.
A11: 8 | B11: جبر المستحق | C11: لأقرب ربع | D11: لأقرب ربع: 18.300←18.250 و18.400←18.500 · للأعلى: أي كسر بيطلع للربع اللي فوقه.
A12: 9 | B12: سقف السلف بالأسبوع (نسبة من المستحق) | C12: 0.5 | D12: تنبيه لو السلف تجاوزت. 0 = بلا سقف.
A13: 10 | B13: المدير — راتب كل 10 أيام (دينار) | C13: 125
A14: 11 | B14: المدير — بداية أول فترة | C14: 46291 | D14: الفترات بتتسلسل من هالتاريخ كل 10 أيام. ثابت لكل الشهور.

Sheet التعليمات
B1: كيف يشتغل الملف
B3: أول كل شهر
A4: 1 | B4: خذ نسخة من الملف وسمّيها برقم الشهر. أول شي فوق بورقة «التسوية»: اختر الشهر والسنة — كل الملف (الأسابيع وتواريخ الأيام) بيتبرمج عليهم.
A5: 2 | B5: انقل أرقام «إقفال الشهر» من ملف الشهر الماضي لـ«افتتاح الشهر»: مستحق له لسا ما قبضه · دين متبقي عليه · القسط الأسبوعي. (وكمان للمدير بورقته.)
B6: الأسبوع اللي بيقطع بين شهرين
A7: 3 | B7: الملف فيه أيام الشهر بس. مثلاً شهر 10/2026 بيبدأ الخميس 01/10: «الأسبوع الأول» = الخميس والجمعة بس، والسبت 26/09 لـالأربعاء 30/09 كانوا بملف شهر 9.
A8: 4 | B8: وآخر الشهر نفس الشي: السبت 31/10 بس بملف شهر 10، والباقي بملف شهر 11. اللي اشتغله وما انقبض بيطلع بـ«إقفال الشهر» ← «مستحق له» بافتتاح الشهر الجاي، وبينضاف لصافي أول أسبوع.
B9: كل يوم
A10: 5 | B10: بورقة الساعات: اختر الدخول والخروج من القائمة (كل ربع ساعة، AM/PM) — أو اكتبه مثل 7:30 AM. عدد الساعات (مثل 11 س 30 د) والعادي والإضافي والمستحق بيطلعوا لحالهم. عبدالعزيز: آخر اليوم «قبض؟ نعم» + المبلغ.
A11: 6 | B11: ساعات تحميل الجبسمبورد: مرة وحدة تحت كل أسبوع (مجموع ساعات التحميل بالأسبوع).
A12: 7 | B12: سلفة الأسبوع (كاش وسط الأسبوع): سطر بورقة «السلف» — بتنخصم كاملة من نفس الأسبوع. قرض أو دين أو بضاعة: سطر بورقة «القروض والديون» فيه المبلغ والقسط الأسبوعي — القسط بينخصم لحاله كل أسبوع، وفوق الورقة ملخّص: قديش عليه، قديش ضل، وكم أسبوع.
B13: آخر الأسبوع
A14: 8 | B14: بورقة «التسوية» اختر الأسبوع — بيطلعلك لكل واحد المستحق (مجبور لربع دينار) ناقص السلف والقسط = الصافي للدفع.
A15: 9 | B15: لما تدفع: اكتب المبلغ بخانة «المدفوع» بسطر الأسبوع بجدول الشهر.
B16: الحماية
A17: 10 | B17: الخلايا الصفراء بس بتنكتب. الباقي محمي عشان المعادلات ما تنخرب (الحماية بلا كلمة سر — من «مراجعة ← إلغاء حماية الورقة» إذا لزم).
B18: التاريخ
A19: 11 | B19: كل التواريخ بالملف يوم/شهر/سنة (05/10/2026). بخانة التاريخ: اختار من القائمة، أو اكتب رقم اليوم لحاله (5 = يوم 5 من الشهر المختار)، أو يوم وشهر (0510 = 05/10)، أو 5/10.

Sheet القوائم
A1: 6:00 AM | B1: 0.25 | D1: 1 | E1: 2026 | G1: =DATE(التسوية!$E$3,التسوية!$C$3,1) -> 46296 | N1: =IF(1<=DAY(MEND),MSTART+0,"") -> 46296
A2: 6:15 AM | B2: 0.26041667 | D2: 2 | E2: 2027 | G2: =EOMONTH(G1,0) -> 46326 | N2: =IF(2<=DAY(MEND),MSTART+1,"") -> 46297
A3: 6:30 AM | B3: 0.27083333 | D3: 3 | E3: 2028 | G3: =G1-MOD(WEEKDAY(G1,1),7) -> 46291 | N3: =IF(3<=DAY(MEND),MSTART+2,"") -> 46298
A4: 6:45 AM | B4: 0.28125 | D4: 4 | E4: 2029 | G4: =INT((G2-G3)/7)+1 -> 6 | N4: =IF(4<=DAY(MEND),MSTART+3,"") -> 46299
A5: 7:00 AM | B5: 0.29166667 | D5: 5 | E5: 2030 | N5: =IF(5<=DAY(MEND),MSTART+4,"") -> 46300
A6: 7:15 AM | B6: 0.30208333 | D6: 6 | E6: 2031 | N6: =IF(6<=DAY(MEND),MSTART+5,"") -> 46301
A7: 7:30 AM | B7: 0.3125 | D7: 7 | E7: 2032 | N7: =IF(7<=DAY(MEND),MSTART+6,"") -> 46302
A8: 7:45 AM | B8: 0.32291667 | D8: 8 | E8: 2033 | N8: =IF(8<=DAY(MEND),MSTART+7,"") -> 46303
A9: 8:00 AM | B9: 0.33333333 | D9: 9 | E9: 2034 | N9: =IF(9<=DAY(MEND),MSTART+8,"") -> 46304
A10: 8:15 AM | B10: 0.34375 | D10: 10 | E10: 2035 | N10: =IF(10<=DAY(MEND),MSTART+9,"") -> 46305
A11: 8:30 AM | B11: 0.35416667 | D11: 11 | H11: =IF(1<=NW,MAX(WFIRST+0,MSTART),"") -> 46296 | I11: =IF(1<=NW,MIN(WFIRST+0+6,MEND),"") -> 46297 | J11: =IF(1<=NW,"الأسبوع الأول","") -> الأسبوع الأول | K11: الأسبوع الأول | L11: =IF(1<=NW,IF(WFIRST+0<MSTART,"بدأ بالشهر الماضي — أيامه قبل "&TEXT(DAY(MSTART),"00")&"/"&TEXT(MONTH(MSTART),"00")&"/"&YEAR(MSTART)&" بملف الشهر الماضي",IF(WFIRST+0+6>MEND,"بيكمل بالشهر الجاي — أيامه بعد "&TEXT(DAY(MEND),"00")&"/"&TEXT(MONTH(MEND),"00")&"/"&YEAR(MEND)&" بملف الشهر الجاي","أسبوع كامل")),"") -> بدأ بالشهر الماضي — أيامه قبل 01/10/2026 بملف الشهر الماضي | N11: =IF(11<=DAY(MEND),MSTART+10,"") -> 46306
A12: 8:45 AM | B12: 0.36458333 | D12: 12 | H12: =IF(2<=NW,MAX(WFIRST+7,MSTART),"") -> 46298 | I12: =IF(2<=NW,MIN(WFIRST+7+6,MEND),"") -> 46304 | J12: =IF(2<=NW,"الأسبوع الثاني","") -> الأسبوع الثاني | K12: الأسبوع الثاني | L12: =IF(2<=NW,IF(WFIRST+7<MSTART,"بدأ بالشهر الماضي — أيامه قبل "&TEXT(DAY(MSTART),"00")&"/"&TEXT(MONTH(MSTART),"00")&"/"&YEAR(MSTART)&" بملف الشهر الماضي",IF(WFIRST+7+6>MEND,"بيكمل بالشهر الجاي — أيامه بعد "&TEXT(DAY(MEND),"00")&"/"&TEXT(MONTH(MEND),"00")&"/"&YEAR(MEND)&" بملف الشهر الجاي","أسبوع كامل")),"") -> أسبوع كامل | N12: =IF(12<=DAY(MEND),MSTART+11,"") -> 46307
A13: 9:00 AM | B13: 0.375 | H13: =IF(3<=NW,MAX(WFIRST+14,MSTART),"") -> 46305 | I13: =IF(3<=NW,MIN(WFIRST+14+6,MEND),"") -> 46311 | J13: =IF(3<=NW,"الأسبوع الثالث","") -> الأسبوع الثالث | K13: الأسبوع الثالث | L13: =IF(3<=NW,IF(WFIRST+14<MSTART,"بدأ بالشهر الماضي — أيامه قبل "&TEXT(DAY(MSTART),"00")&"/"&TEXT(MONTH(MSTART),"00")&"/"&YEAR(MSTART)&" بملف الشهر الماضي",IF(WFIRST+14+6>MEND,"بيكمل بالشهر الجاي — أيامه بعد "&TEXT(DAY(MEND),"00")&"/"&TEXT(MONTH(MEND),"00")&"/"&YEAR(MEND)&" بملف الشهر الجاي","أسبوع كامل")),"") -> أسبوع كامل | N13: =IF(13<=DAY(MEND),MSTART+12,"") -> 46308
A14: 9:15 AM | B14: 0.38541667 | H14: =IF(4<=NW,MAX(WFIRST+21,MSTART),"") -> 46312 | I14: =IF(4<=NW,MIN(WFIRST+21+6,MEND),"") -> 46318 | J14: =IF(4<=NW,"الأسبوع الرابع","") -> الأسبوع الرابع | K14: الأسبوع الرابع | L14: =IF(4<=NW,IF(WFIRST+21<MSTART,"بدأ بالشهر الماضي — أيامه قبل "&TEXT(DAY(MSTART),"00")&"/"&TEXT(MONTH(MSTART),"00")&"/"&YEAR(MSTART)&" بملف الشهر الماضي",IF(WFIRST+21+6>MEND,"بيكمل بالشهر الجاي — أيامه بعد "&TEXT(DAY(MEND),"00")&"/"&TEXT(MONTH(MEND),"00")&"/"&YEAR(MEND)&" بملف الشهر الجاي","أسبوع كامل")),"") -> أسبوع كامل | N14: =IF(14<=DAY(MEND),MSTART+13,"") -> 46309
A15: 9:30 AM | B15: 0.39583333 | H15: =IF(5<=NW,MAX(WFIRST+28,MSTART),"") -> 46319 | I15: =IF(5<=NW,MIN(WFIRST+28+6,MEND),"") -> 46325 | J15: =IF(5<=NW,"الأسبوع الخامس","") -> الأسبوع الخامس | K15: الأسبوع الخامس | L15: =IF(5<=NW,IF(WFIRST+28<MSTART,"بدأ بالشهر الماضي — أيامه قبل "&TEXT(DAY(MSTART),"00")&"/"&TEXT(MONTH(MSTART),"00")&"/"&YEAR(MSTART)&" بملف الشهر الماضي",IF(WFIRST+28+6>MEND,"بيكمل بالشهر الجاي — أيامه بعد "&TEXT(DAY(MEND),"00")&"/"&TEXT(MONTH(MEND),"00")&"/"&YEAR(MEND)&" بملف الشهر الجاي","أسبوع كامل")),"") -> أسبوع كامل | N15: =IF(15<=DAY(MEND),MSTART+14,"") -> 46310
A16: 9:45 AM | B16: 0.40625 | H16: =IF(6<=NW,MAX(WFIRST+35,MSTART),"") -> 46326 | I16: =IF(6<=NW,MIN(WFIRST+35+6,MEND),"") -> 46326 | J16: =IF(6<=NW,"الأسبوع السادس","") -> الأسبوع السادس | K16: الأسبوع السادس | L16: =IF(6<=NW,IF(WFIRST+35<MSTART,"بدأ بالشهر الماضي — أيامه قبل "&TEXT(DAY(MSTART),"00")&"/"&TEXT(MONTH(MSTART),"00")&"/"&YEAR(MSTART)&" بملف الشهر الماضي",IF(WFIRST+35+6>MEND,"بيكمل بالشهر الجاي — أيامه بعد "&TEXT(DAY(MEND),"00")&"/"&TEXT(MONTH(MEND),"00")&"/"&YEAR(MEND)&" بملف الشهر الجاي","أسبوع كامل")),"") -> بيكمل بالشهر الجاي — أيامه بعد 31/10/2026 بملف الشهر الجاي | N16: =IF(16<=DAY(MEND),MSTART+15,"") -> 46311
A17: 10:00 AM | B17: 0.41666667 | N17: =IF(17<=DAY(MEND),MSTART+16,"") -> 46312
A18: 10:15 AM | B18: 0.42708333 | N18: =IF(18<=DAY(MEND),MSTART+17,"") -> 46313
A19: 10:30 AM | B19: 0.4375 | N19: =IF(19<=DAY(MEND),MSTART+18,"") -> 46314
A20: 10:45 AM | B20: 0.44791667 | N20: =IF(20<=DAY(MEND),MSTART+19,"") -> 46315
A21: 11:00 AM | B21: 0.45833333 | N21: =IF(21<=DAY(MEND),MSTART+20,"") -> 46316
A22: 11:15 AM | B22: 0.46875 | N22: =IF(22<=DAY(MEND),MSTART+21,"") -> 46317
A23: 11:30 AM | B23: 0.47916667 | N23: =IF(23<=DAY(MEND),MSTART+22,"") -> 46318
A24: 11:45 AM | B24: 0.48958333 | N24: =IF(24<=DAY(MEND),MSTART+23,"") -> 46319
A25: 12:00 PM | B25: 0.5 | N25: =IF(25<=DAY(MEND),MSTART+24,"") -> 46320
A26: 12:15 PM | B26: 0.51041667 | N26: =IF(26<=DAY(MEND),MSTART+25,"") -> 46321
A27: 12:30 PM | B27: 0.52083333 | N27: =IF(27<=DAY(MEND),MSTART+26,"") -> 46322
A28: 12:45 PM | B28: 0.53125 | N28: =IF(28<=DAY(MEND),MSTART+27,"") -> 46323
A29: 1:00 PM | B29: 0.54166667 | N29: =IF(29<=DAY(MEND),MSTART+28,"") -> 46324
A30: 1:15 PM | B30: 0.55208333 | N30: =IF(30<=DAY(MEND),MSTART+29,"") -> 46325
A31: 1:30 PM | B31: 0.5625 | N31: =IF(31<=DAY(MEND),MSTART+30,"") -> 46326
A32: 1:45 PM | B32: 0.57291667
A33: 2:00 PM | B33: 0.58333333
A34: 2:15 PM | B34: 0.59375
A35: 2:30 PM | B35: 0.60416667
A36: 2:45 PM | B36: 0.61458333
A37: 3:00 PM | B37: 0.625
A38: 3:15 PM | B38: 0.63541667
A39: 3:30 PM | B39: 0.64583333
A40: 3:45 PM | B40: 0.65625
A41: 4:00 PM | B41: 0.66666667
A42: 4:15 PM | B42: 0.67708333
A43: 4:30 PM | B43: 0.6875
... A96: 5:45 AM | B96: 0.23958333
