Workbook

Sheet الموظفين
A1: ١) الموظفون — محلات العون لمواد البناء
A2: سطر لكل موظف. عمال المهام: سطر لكل عامل بالاسم (الأجر يُترك فاضياً — كل مهمة بسعرها من ورقة «المهام»).
A3: 🟨 خلية صفراء = تتعبّى ⬜ رمادية = تنحسب لحالها ⚪ بيضاء = اختياري
A5: # | B5: الاسم | C5: النوع | D5: الأجر (دينار) | E5: الأجر لكل | F5: يوم القبض | G5: الهاتف | H5: تاريخ البدء | I5: ملاحظات
A6: =IF(B6="","",ROW()-5) -> 1 | B6: المدير | C6: دائم كل 10 أيام | E6: 10 أيام | I6: الأجر ويوم القبض
A7: =IF(B7="","",ROW()-5) -> 2 | B7: عمر المصري | C7: دائم أسبوعي | E7: أسبوع | I7: الأجر ويوم القبض
A8: =IF(B8="","",ROW()-5) -> 3 | B8: عبدالعزيز | C8: مياومة | E8: يوم | F8: آخر يوم دوام | I8: أجر اليوم — يقبض نهاية كل يوم بيجي فيه
A9: =IF(B9="","",ROW()-5) | C9: عامل مهام | E9: مهمة | F9: عند التسليم | I9: اكتب اسم كل عامل مهام بسطر
A10: =IF(B10="","",ROW()-5) | C10: عامل مهام | E10: مهمة | F10: عند التسليم
A11: =IF(B11="","",ROW()-5)
A12: =IF(B12="","",ROW()-5)
A13: =IF(B13="","",ROW()-5)
A14: =IF(B14="","",ROW()-5)
A15: =IF(B15="","",ROW()-5)
A16: =IF(B16="","",ROW()-5)
A17: =IF(B17="","",ROW()-5)
A18: =IF(B18="","",ROW()-5)
A19: =IF(B19="","",ROW()-5)
A20: =IF(B20="","",ROW()-5)
A21: =IF(B21="","",ROW()-5)
A22: =IF(B22="","",ROW()-5)
... A25: =IF(B25="","",ROW()-5)
B27: مثال للتعبئة (مش بيانات حقيقية): «عمر المصري · دائم أسبوعي · 100.000 · أسبوع · الخميس · 079xxxxxxx · 01/01/2026»

Sheet الأرصدة الافتتاحية
A1: ٢) الأرصدة الافتتاحية — شو على كل موظف اليوم
A2: سطر لكل سلفة أو دين أو بضاعة قائمة الآن. السلفة العادية اللي بتنخصم كلها آخر الأسبوع: القسط = الأصل. البضاعة: اكتب وصفها بالملاحظات وسعرها اللي انحسب عليه.
A3: 🟨 خلية صفراء = تتعبّى ⬜ رمادية = تنحسب لحالها ⚪ بيضاء = اختياري
A5: # | B5: الموظف | C5: النوع | D5: التاريخ | E5: الأصل (دينار) | F5: المسدَّد لحد اليوم | G5: المتبقي | H5: القسط | I5: القسط كل | J5: ملاحظات / وصف البضاعة
A6: =IF(B6="","",ROW()-5) | G6: =IF(E6="","",E6-F6)
A7: =IF(B7="","",ROW()-5) | G7: =IF(E7="","",E7-F7)
A8: =IF(B8="","",ROW()-5) | G8: =IF(E8="","",E8-F8)
A9: =IF(B9="","",ROW()-5) | G9: =IF(E9="","",E9-F9)
A10: =IF(B10="","",ROW()-5) | G10: =IF(E10="","",E10-F10)
A11: =IF(B11="","",ROW()-5) | G11: =IF(E11="","",E11-F11)
A12: =IF(B12="","",ROW()-5) | G12: =IF(E12="","",E12-F12)
A13: =IF(B13="","",ROW()-5) | G13: =IF(E13="","",E13-F13)
A14: =IF(B14="","",ROW()-5) | G14: =IF(E14="","",E14-F14)
A15: =IF(B15="","",ROW()-5) | G15: =IF(E15="","",E15-F15)
A16: =IF(B16="","",ROW()-5) | G16: =IF(E16="","",E16-F16)
A17: =IF(B17="","",ROW()-5) | G17: =IF(E17="","",E17-F17)
... A45: =IF(B45="","",ROW()-5) | G45: =IF(E45="","",E45-F45)
B48: ملخص المتبقي على كل موظف (ينحسب لحاله)
B49: الموظف | C49: سلف | D49: ديون | E49: بضاعة | F49: المجموع
B50: =IF(الموظفين!B6="","",الموظفين!B6) -> المدير | C50: =IF($B50="","",SUMIFS($G$6:$G$45,$B$6:$B$45,$B50,$C$6:$C$45,"سلفة")) -> 0 | D50: =IF($B50="","",SUMIFS($G$6:$G$45,$B$6:$B$45,$B50,$C$6:$C$45,"دين")) -> 0 | E50: =IF($B50="","",SUMIFS($G$6:$G$45,$B$6:$B$45,$B50,$C$6:$C$45,"بضاعة")) -> 0 | F50: =IF(B50="","",SUM(C50:E50)) -> 0
B51: =IF(الموظفين!B7="","",الموظفين!B7) -> عمر المصري | C51: =IF($B51="","",SUMIFS($G$6:$G$45,$B$6:$B$45,$B51,$C$6:$C$45,"سلفة")) -> 0 | D51: =IF($B51="","",SUMIFS($G$6:$G$45,$B$6:$B$45,$B51,$C$6:$C$45,"دين")) -> 0 | E51: =IF($B51="","",SUMIFS($G$6:$G$45,$B$6:$B$45,$B51,$C$6:$C$45,"بضاعة")) -> 0 | F51: =IF(B51="","",SUM(C51:E51)) -> 0
B52: =IF(الموظفين!B8="","",الموظفين!B8) -> عبدالعزيز | C52: =IF($B52="","",SUMIFS($G$6:$G$45,$B$6:$B$45,$B52,$C$6:$C$45,"سلفة")) -> 0 | D52: =IF($B52="","",SUMIFS($G$6:$G$45,$B$6:$B$45,$B52,$C$6:$C$45,"دين")) -> 0 | E52: =IF($B52="","",SUMIFS($G$6:$G$45,$B$6:$B$45,$B52,$C$6:$C$45,"بضاعة")) -> 0 | F52: =IF(B52="","",SUM(C52:E52)) -> 0
B53: =IF(الموظفين!B9="","",الموظفين!B9) | C53: =IF($B53="","",SUMIFS($G$6:$G$45,$B$6:$B$45,$B53,$C$6:$C$45,"سلفة")) | D53: =IF($B53="","",SUMIFS($G$6:$G$45,$B$6:$B$45,$B53,$C$6:$C$45,"دين")) | E53: =IF($B53="","",SUMIFS($G$6:$G$45,$B$6:$B$45,$B53,$C$6:$C$45,"بضاعة")) | F53: =IF(B53="","",SUM(C53:E53))
B54: =IF(الموظفين!B10="","",الموظفين!B10) | C54: =IF($B54="","",SUMIFS($G$6:$G$45,$B$6:$B$45,$B54,$C$6:$C$45,"سلفة")) | D54: =IF($B54="","",SUMIFS($G$6:$G$45,$B$6:$B$45,$B54,$C$6:$C$45,"دين")) | E54: =IF($B54="","",SUMIFS($G$6:$G$45,$B$6:$B$45,$B54,$C$6:$C$45,"بضاعة")) | F54: =IF(B54="","",SUM(C54:E54))
B55: =IF(الموظفين!B11="","",الموظفين!B11) | C55: =IF($B55="","",SUMIFS($G$6:$G$45,$B$6:$B$45,$B55,$C$6:$C$45,"سلفة")) | D55: =IF($B55="","",SUMIFS($G$6:$G$45,$B$6:$B$45,$B55,$C$6:$C$45,"دين")) | E55: =IF($B55="","",SUMIFS($G$6:$G$45,$B$6:$B$45,$B55,$C$6:$C$45,"بضاعة")) | F55: =IF(B55="","",SUM(C55:E55))
B56: =IF(الموظفين!B12="","",الموظفين!B12) | C56: =IF($B56="","",SUMIFS($G$6:$G$45,$B$6:$B$45,$B56,$C$6:$C$45,"سلفة")) | D56: =IF($B56="","",SUMIFS($G$6:$G$45,$B$6:$B$45,$B56,$C$6:$C$45,"دين")) | E56: =IF($B56="","",SUMIFS($G$6:$G$45,$B$6:$B$45,$B56,$C$6:$C$45,"بضاعة")) | F56: =IF(B56="","",SUM(C56:E56))
B57: =IF(الموظفين!B13="","",الموظفين!B13) | C57: =IF($B57="","",SUMIFS($G$6:$G$45,$B$6:$B$45,$B57,$C$6:$C$45,"سلفة")) | D57: =IF($B57="","",SUMIFS($G$6:$G$45,$B$6:$B$45,$B57,$C$6:$C$45,"دين")) | E57: =IF($B57="","",SUMIFS($G$6:$G$45,$B$6:$B$45,$B57,$C$6:$C$45,"بضاعة")) | F57: =IF(B57="","",SUM(C57:E57))
B58: =IF(الموظفين!B14="","",الموظفين!B14) | C58: =IF($B58="","",SUMIFS($G$6:$G$45,$B$6:$B$45,$B58,$C$6:$C$45,"سلفة")) | D58: =IF($B58="","",SUMIFS($G$6:$G$45,$B$6:$B$45,$B58,$C$6:$C$45,"دين")) | E58: =IF($B58="","",SUMIFS($G$6:$G$45,$B$6:$B$45,$B58,$C$6:$C$45,"بضاعة")) | F58: =IF(B58="","",SUM(C58:E58))
B59: =IF(الموظفين!B15="","",الموظفين!B15) | C59: =IF($B59="","",SUMIFS($G$6:$G$45,$B$6:$B$45,$B59,$C$6:$C$45,"سلفة")) | D59: =IF($B59="","",SUMIFS($G$6:$G$45,$B$6:$B$45,$B59,$C$6:$C$45,"دين")) | E59: =IF($B59="","",SUMIFS($G$6:$G$45,$B$6:$B$45,$B59,$C$6:$C$45,"بضاعة")) | F59: =IF(B59="","",SUM(C59:E59))
B60: =IF(الموظفين!B16="","",الموظفين!B16) | C60: =IF($B60="","",SUMIFS($G$6:$G$45,$B$6:$B$45,$B60,$C$6:$C$45,"سلفة")) | D60: =IF($B60="","",SUMIFS($G$6:$G$45,$B$6:$B$45,$B60,$C$6:$C$45,"دين")) | E60: =IF($B60="","",SUMIFS($G$6:$G$45,$B$6:$B$45,$B60,$C$6:$C$45,"بضاعة")) | F60: =IF(B60="","",SUM(C60:E60))
B61: =IF(الموظفين!B17="","",الموظفين!B17) | C61: =IF($B61="","",SUMIFS($G$6:$G$45,$B$6:$B$45,$B61,$C$6:$C$45,"سلفة")) | D61: =IF($B61="","",SUMIFS($G$6:$G$45,$B$6:$B$45,$B61,$C$6:$C$45,"دين")) | E61: =IF($B61="","",SUMIFS($G$6:$G$45,$B$6:$B$45,$B61,$C$6:$C$45,"بضاعة")) | F61: =IF(B61="","",SUM(C61:E61))
... B69: =IF(الموظفين!B25="","",الموظفين!B25) | C69: =IF($B69="","",SUMIFS($G$6:$G$45,$B$6:$B$45,$B69,$C$6:$C$45,"سلفة")) | D69: =IF($B69="","",SUMIFS($G$6:$G$45,$B$6:$B$45,$B69,$C$6:$C$45,"دين")) | E69: =IF($B69="","",SUMIFS($G$6:$G$45,$B$6:$B$45,$B69,$C$6:$C$45,"بضاعة")) | F69: =IF(B69="","",SUM(C69:E69))
B71: مثال للتعبئة: «عمر المصري · دين · 01/09/2026 · 200.000 · 25.000 · (يُحسب 175.000) · 25.000 · أسبوع · دين كاش»

Sheet السقوف
A1: ٣) السقوف والقواعد
A3: # | B3: القاعدة | C3: القيمة | D3: الوحدة | E3: الشرح
A4: 1 | B4: سقف السلفة خلال الدورة | C4: 50 | D4: % من أجر الدورة | E4: أقصى مجموع سلف يقدر ياخذها الموظف بين قبضتين. اكتب 0 = بلا سقف (حسب تقديرك كل مرة).
A5: 2 | B5: سقف مجموع الأقساط بالدورة | C5: 40 | D5: % من أجر الدورة | E5: أقصى نسبة تنخصم أقساطاً (دين + بضاعة) من قبضة وحدة عشان يضل يقبض شي.
A6: 3 | B6: سقف الدين الإجمالي للموظف | C6: 0 | D6: دينار | E6: أقصى رصيد مدين مسموح (دين + بضاعة قائمة). 0 = بلا سقف.
A7: 4 | B7: سعر البضاعة للموظف | C7: سعر الجملة | D7: اختيار | E7: سعر الجملة · سعر التكلفة · سعر الكتالوج · حسب كل حالة
A8: 5 | B8: السلفة بتنخصم | C8: كاملة بنفس الدورة | D8: اختيار | E8: كاملة بنفس الدورة · أو ممكن تتقسّط لو كبيرة
A9: 6 | B9: إذا الصافي طلع سالب (السلف أكثر من الأجر) | C9: يترحّل للدورة الجاية | D9: اختيار | E9: يترحّل للدورة الجاية · يُحوَّل لدين بقسط
A10: 7 | B10: يوم إقفال الدورة والكشف | C10: الخميس | D10: يوم | E10: اليوم اللي بيطلعلك فيه مدير الموظفين جدول الصافي لكل موظف
B12: القيم المكتوبة هي اقتراحي — غيّرها براحتك. 0 = بلا سقف.

Sheet المهام
A1: أسعار المهام المتكررة — لعمال حسب الطلب
A2: قائمة المهام اللي بتتكرر وسعر كل وحدة، عشان لما تقول «تنزيل طبلية جبسمبورد – فلان» ينزل السطر بسعره لحاله. المهمة الجديدة بتنضاف وقتها.
A3: 🟨 خلية صفراء = تتعبّى ⬜ رمادية = تنحسب لحالها ⚪ بيضاء = اختياري
A5: # | B5: المهمة | C5: السعر (دينار) | D5: الوحدة | E5: ملاحظات
A6: =IF(B6="","",ROW()-5) -> 1 | B6: تنزيل طبلية جبسمبورد | D6: طبلية
A7: =IF(B7="","",ROW()-5) -> 2 | B7: تنزيل طبلية اسمنت | D7: طبلية
A8: =IF(B8="","",ROW()-5) -> 3 | B8: تحميل / تنزيل شوالات | D8: شوال
A9: =IF(B9="","",ROW()-5) -> 4 | B9: توصيل بضاعة داخل المدينة | D9: نقلة
A10: =IF(B10="","",ROW()-5) -> 5 | B10: تنظيف المستودع | D10: مقطوعية
A11: =IF(B11="","",ROW()-5)
A12: =IF(B12="","",ROW()-5)
A13: =IF(B13="","",ROW()-5)
A14: =IF(B14="","",ROW()-5)
A15: =IF(B15="","",ROW()-5)
A16: =IF(B16="","",ROW()-5)
A17: =IF(B17="","",ROW()-5)
A18: =IF(B18="","",ROW()-5)
A19: =IF(B19="","",ROW()-5)
A20: =IF(B20="","",ROW()-5)
A21: =IF(B21="","",ROW()-5)
A22: =IF(B22="","",ROW()-5)
... A35: =IF(B35="","",ROW()-5)
B37: المهام المكتوبة أمثلة من كلامك — عدّل أو احذف أو أضف.

Sheet التعليمات
B1: كيف تتعبّى
B3: ورقة «الموظفين»
A4: 1 | B4: الأسماء الثلاثة مكتوبة من كلامك. الناقص: الأجر (الصفراء) ويوم القبض والهاتف. عمال المهام: اكتب اسم كل واحد بسطر — أجره فاضي لأنه بيتحاسب بالمهمة.
A5: 2 | B5: الأجر يُكتب لكامل الدورة: أجر الـ10 أيام للمدير · أجر الأسبوع لعمر · أجر اليوم لعبدالعزيز.
B6: ورقة «الأرصدة الافتتاحية»
A7: 3 | B7: كل شي قائم اليوم على أي موظف، سطر لحاله: سلفة · دين · بضاعة. الأصل والمسدَّد لحد اليوم، والمتبقي بينحسب. القسط وكل قديش.
A8: 4 | B8: البضاعة: اكتب وصفها وسعرها اللي انحسب عليه بالملاحظات. لو بدك، ابعتلي فاتورتها وبدخّلها كفاتورة بيع عليه.
A9: 5 | B9: الملخص تحت الجدول بيجمعلك لحاله شو على كل واحد.
B10: ورقة «السقوف»
A11: 6 | B11: القيم اقتراحي. غيّرها أو اكتب 0 = بلا سقف. هاي القواعد اللي بيمشي عليها مدير الموظفين تلقائياً وبينبّهك لما تنكسر.
B12: ورقة «المهام»
A13: 7 | B13: أسعار المهام المتكررة. لما تكتبلي «تنزيل طبلية جبسمبورد – محمد» بينزل السطر بسعره من هون.
B14: بعدها
A15: 8 | B15: ابعتلي الملف. بفتح لكل موظف شريكاً وسجلّاً على أودو، وبدخّل الأرصدة الافتتاحية كمسودة، وبعرضها عليك قبل الترحيل.
