Workbook
Name فواتير_مفتوحة: OFFSET('البنود'!$N$7,0,0,MAX(1,SUMPRODUCT(--('البنود'!$N$7:$N$206<>""))),1)

Sheet الفواتير
A1: مشتريات البضاعة — محلات العون لمواد البناء
A2: الشهر
A4: عدد الفواتير | B4: =COUNTA(B7:B206) | C4: مجموع الصافي | D4: =SUM(H7:H206) | E4: =IF(B4=0,"⛔ ما في فواتير مُدخلة",IF(COUNTIF(I7:I206,"⛔*")+COUNTIF(I7:I206,"🟡*")>0,"⛔ في "&(COUNTIF(I7:I206,"⛔*")+COUNTIF(I7:I206,"🟡*"))&" فاتورة ناقصة","✅ كل الفواتير مكتملة"))
A6: # | B6: المورد | C6: التاريخ | D6: رقم الفاتورة | E6: النوع | F6: المجموع | G6: الخصم | H6: الصافي | I6: الحالة
A7: =IF(B7="","",ROW()-6) | H7: =IF(F7="","",F7-N(G7)) | I7: =IF(B7="","",IF(E7="","⛔ اختر النوع",IF(E7="مطبوعة","📷 مع الصورة",IF(D7="","⛔ اكتب رقم الفاتورة",IF(SUMIF('البنود'!$B$7:$B$606,D7,'البنود'!$F$7:$F$606)=0,"🟡 بنودها ما انزلت",IF(ROUND(SUMIF('البنود'!$B$7:$B$606,D7,'البنود'!$F$7:$F$606)-N(F7),3)=0,"✅ خلصت — البنود مطابقة","⛔ فرق "&TEXT(N(F7)-SUMIF('البنود'!$B$7:$B$606,D7,'البنود'!$F$7:$F$606),"0.000")))))))
A8: =IF(B8="","",ROW()-6) | H8: =IF(F8="","",F8-N(G8)) | I8: =IF(B8="","",IF(E8="","⛔ اختر النوع",IF(E8="مطبوعة","📷 مع الصورة",IF(D8="","⛔ اكتب رقم الفاتورة",IF(SUMIF('البنود'!$B$7:$B$606,D8,'البنود'!$F$7:$F$606)=0,"🟡 بنودها ما انزلت",IF(ROUND(SUMIF('البنود'!$B$7:$B$606,D8,'البنود'!$F$7:$F$606)-N(F8),3)=0,"✅ خلصت — البنود مطابقة","⛔ فرق "&TEXT(N(F8)-SUMIF('البنود'!$B$7:$B$606,D8,'البنود'!$F$7:$F$606),"0.000")))))))
A9: =IF(B9="","",ROW()-6) | H9: =IF(F9="","",F9-N(G9)) | I9: =IF(B9="","",IF(E9="","⛔ اختر النوع",IF(E9="مطبوعة","📷 مع الصورة",IF(D9="","⛔ اكتب رقم الفاتورة",IF(SUMIF('البنود'!$B$7:$B$606,D9,'البنود'!$F$7:$F$606)=0,"🟡 بنودها ما انزلت",IF(ROUND(SUMIF('البنود'!$B$7:$B$606,D9,'البنود'!$F$7:$F$606)-N(F9),3)=0,"✅ خلصت — البنود مطابقة","⛔ فرق "&TEXT(N(F9)-SUMIF('البنود'!$B$7:$B$606,D9,'البنود'!$F$7:$F$606),"0.000")))))))
A10: =IF(B10="","",ROW()-6) | H10: =IF(F10="","",F10-N(G10)) | I10: =IF(B10="","",IF(E10="","⛔ اختر النوع",IF(E10="مطبوعة","📷 مع الصورة",IF(D10="","⛔ اكتب رقم الفاتورة",IF(SUMIF('البنود'!$B$7:$B$606,D10,'البنود'!$F$7:$F$606)=0,"🟡 بنودها ما انزلت",IF(ROUND(SUMIF('البنود'!$B$7:$B$606,D10,'البنود'!$F$7:$F$606)-N(F10),3)=0,"✅ خلصت — البنود مطابقة","⛔ فرق "&TEXT(N(F10)-SUMIF('البنود'!$B$7:$B$606,D10,'البنود'!$F$7:$F$606),"0.000")))))))
A11: =IF(B11="","",ROW()-6) | H11: =IF(F11="","",F11-N(G11)) | I11: =IF(B11="","",IF(E11="","⛔ اختر النوع",IF(E11="مطبوعة","📷 مع الصورة",IF(D11="","⛔ اكتب رقم الفاتورة",IF(SUMIF('البنود'!$B$7:$B$606,D11,'البنود'!$F$7:$F$606)=0,"🟡 بنودها ما انزلت",IF(ROUND(SUMIF('البنود'!$B$7:$B$606,D11,'البنود'!$F$7:$F$606)-N(F11),3)=0,"✅ خلصت — البنود مطابقة","⛔ فرق "&TEXT(N(F11)-SUMIF('البنود'!$B$7:$B$606,D11,'البنود'!$F$7:$F$606),"0.000")))))))
A12: =IF(B12="","",ROW()-6) | H12: =IF(F12="","",F12-N(G12)) | I12: =IF(B12="","",IF(E12="","⛔ اختر النوع",IF(E12="مطبوعة","📷 مع الصورة",IF(D12="","⛔ اكتب رقم الفاتورة",IF(SUMIF('البنود'!$B$7:$B$606,D12,'البنود'!$F$7:$F$606)=0,"🟡 بنودها ما انزلت",IF(ROUND(SUMIF('البنود'!$B$7:$B$606,D12,'البنود'!$F$7:$F$606)-N(F12),3)=0,"✅ خلصت — البنود مطابقة","⛔ فرق "&TEXT(N(F12)-SUMIF('البنود'!$B$7:$B$606,D12,'البنود'!$F$7:$F$606),"0.000")))))))
A13: =IF(B13="","",ROW()-6) | H13: =IF(F13="","",F13-N(G13)) | I13: =IF(B13="","",IF(E13="","⛔ اختر النوع",IF(E13="مطبوعة","📷 مع الصورة",IF(D13="","⛔ اكتب رقم الفاتورة",IF(SUMIF('البنود'!$B$7:$B$606,D13,'البنود'!$F$7:$F$606)=0,"🟡 بنودها ما انزلت",IF(ROUND(SUMIF('البنود'!$B$7:$B$606,D13,'البنود'!$F$7:$F$606)-N(F13),3)=0,"✅ خلصت — البنود مطابقة","⛔ فرق "&TEXT(N(F13)-SUMIF('البنود'!$B$7:$B$606,D13,'البنود'!$F$7:$F$606),"0.000")))))))
A14: =IF(B14="","",ROW()-6) | H14: =IF(F14="","",F14-N(G14)) | I14: =IF(B14="","",IF(E14="","⛔ اختر النوع",IF(E14="مطبوعة","📷 مع الصورة",IF(D14="","⛔ اكتب رقم الفاتورة",IF(SUMIF('البنود'!$B$7:$B$606,D14,'البنود'!$F$7:$F$606)=0,"🟡 بنودها ما انزلت",IF(ROUND(SUMIF('البنود'!$B$7:$B$606,D14,'البنود'!$F$7:$F$606)-N(F14),3)=0,"✅ خلصت — البنود مطابقة","⛔ فرق "&TEXT(N(F14)-SUMIF('البنود'!$B$7:$B$606,D14,'البنود'!$F$7:$F$606),"0.000")))))))
A15: =IF(B15="","",ROW()-6) | H15: =IF(F15="","",F15-N(G15)) | I15: =IF(B15="","",IF(E15="","⛔ اختر النوع",IF(E15="مطبوعة","📷 مع الصورة",IF(D15="","⛔ اكتب رقم الفاتورة",IF(SUMIF('البنود'!$B$7:$B$606,D15,'البنود'!$F$7:$F$606)=0,"🟡 بنودها ما انزلت",IF(ROUND(SUMIF('البنود'!$B$7:$B$606,D15,'البنود'!$F$7:$F$606)-N(F15),3)=0,"✅ خلصت — البنود مطابقة","⛔ فرق "&TEXT(N(F15)-SUMIF('البنود'!$B$7:$B$606,D15,'البنود'!$F$7:$F$606),"0.000")))))))
A16: =IF(B16="","",ROW()-6) | H16: =IF(F16="","",F16-N(G16)) | I16: =IF(B16="","",IF(E16="","⛔ اختر النوع",IF(E16="مطبوعة","📷 مع الصورة",IF(D16="","⛔ اكتب رقم الفاتورة",IF(SUMIF('البنود'!$B$7:$B$606,D16,'البنود'!$F$7:$F$606)=0,"🟡 بنودها ما انزلت",IF(ROUND(SUMIF('البنود'!$B$7:$B$606,D16,'البنود'!$F$7:$F$606)-N(F16),3)=0,"✅ خلصت — البنود مطابقة","⛔ فرق "&TEXT(N(F16)-SUMIF('البنود'!$B$7:$B$606,D16,'البنود'!$F$7:$F$606),"0.000")))))))
A17: =IF(B17="","",ROW()-6) | H17: =IF(F17="","",F17-N(G17)) | I17: =IF(B17="","",IF(E17="","⛔ اختر النوع",IF(E17="مطبوعة","📷 مع الصورة",IF(D17="","⛔ اكتب رقم الفاتورة",IF(SUMIF('البنود'!$B$7:$B$606,D17,'البنود'!$F$7:$F$606)=0,"🟡 بنودها ما انزلت",IF(ROUND(SUMIF('البنود'!$B$7:$B$606,D17,'البنود'!$F$7:$F$606)-N(F17),3)=0,"✅ خلصت — البنود مطابقة","⛔ فرق "&TEXT(N(F17)-SUMIF('البنود'!$B$7:$B$606,D17,'البنود'!$F$7:$F$606),"0.000")))))))
A18: =IF(B18="","",ROW()-6) | H18: =IF(F18="","",F18-N(G18)) | I18: =IF(B18="","",IF(E18="","⛔ اختر النوع",IF(E18="مطبوعة","📷 مع الصورة",IF(D18="","⛔ اكتب رقم الفاتورة",IF(SUMIF('البنود'!$B$7:$B$606,D18,'البنود'!$F$7:$F$606)=0,"🟡 بنودها ما انزلت",IF(ROUND(SUMIF('البنود'!$B$7:$B$606,D18,'البنود'!$F$7:$F$606)-N(F18),3)=0,"✅ خلصت — البنود مطابقة","⛔ فرق "&TEXT(N(F18)-SUMIF('البنود'!$B$7:$B$606,D18,'البنود'!$F$7:$F$606),"0.000")))))))
... A206: =IF(B206="","",ROW()-6) | H206: =IF(F206="","",F206-N(G206)) | I206: =IF(B206="","",IF(E206="","⛔ اختر النوع",IF(E206="مطبوعة","📷 مع الصورة",IF(D206="","⛔ اكتب رقم الفاتورة",IF(SUMIF('البنود'!$B$7:$B$606,D206,'البنود'!$F$7:$F$606)=0,"🟡 بنودها ما انزلت",IF(ROUND(SUMIF('البنود'!$B$7:$B$606,D206,'البنود'!$F$7:$F$606)-N(F206),3)=0,"✅ خلصت — البنود مطابقة","⛔ فرق "&TEXT(N(F206)-SUMIF('البنود'!$B$7:$B$606,D206,'البنود'!$F$7:$F$606),"0.000")))))))
A208: الفاتورة المطبوعة: تاريخ + مورد + رقم + مجموع وبس، وابعث صورتها. اليدوية: بنودها بورقة «البنود».

Sheet البنود
A1: بنود الفواتير اليدوية — محلات العون لمواد البناء
A2: الشهر | B2: =IF('الفواتير'!B2="","",'الفواتير'!B2)
A4: عدد البنود | B4: =COUNTA(C7:C606) | C4: مجموعها | D4: =SUM(F7:F606) | E4: =IF(B4=0,"لا يوجد بنود",IF(COUNTIF(A7:A606,"⛔*")>0,"⛔ في بند رقم فاتورته مش موجود","✅ كل البنود مربوطة")) | H4: =IF(COUNTIF('الفواتير'!$E$7:$E$206,"يدوية")=0,"لا يوجد فواتير يدوية",COUNTIF(K7:K206,"✅*")&" مكتملة من "&COUNTIF('الفواتير'!$E$7:$E$206,"يدوية")&" فاتورة يدوية")
A6: # | B6: رقم الفاتورة | C6: البند | D6: الكمية | E6: الإفرادي | F6: الإجمالي | H6: رقم الفاتورة اليدوية | I6: مجموع الفاتورة | J6: مجموع بنودها | K6: خلصت؟ | M6: ترتيب | N6: المفتوحة
A7: =IF(C7="","",IF(COUNTIF('الفواتير'!$D$7:$D$206,B7)=0,"⛔",ROW()-6)) | F7: =IF(C7="","",N(D7)*N(E7)) | H7: =IF('الفواتير'!$E7="يدوية",'الفواتير'!$D7,"") | I7: =IF($H7="","",'الفواتير'!$F7) | J7: =IF($H7="","",SUMIF($B$7:$B$606,$H7,$F$7:$F$606)) | K7: =IF($H7="","",IF($H7=0,"⛔ اكتب رقم الفاتورة",IF(COUNTIF($B$7:$B$606,$H7)=0,"🟡 ما انزلت بنودها",IF(ROUND($I7-$J7,3)=0,"✅ خلصت","⛔ فرق "&TEXT($I7-$J7,"0.000"))))) | M7: =IF(AND($H7<>"",$H7<>0,LEFT($K7,1)<>"✅"),COUNT($M$6:M6)+1,"") | N7: =IFERROR(INDEX($H$7:$H$206,MATCH(ROW()-6,$M$7:$M$206,0)),"")
A8: =IF(C8="","",IF(COUNTIF('الفواتير'!$D$7:$D$206,B8)=0,"⛔",ROW()-6)) | F8: =IF(C8="","",N(D8)*N(E8)) | H8: =IF('الفواتير'!$E8="يدوية",'الفواتير'!$D8,"") | I8: =IF($H8="","",'الفواتير'!$F8) | J8: =IF($H8="","",SUMIF($B$7:$B$606,$H8,$F$7:$F$606)) | K8: =IF($H8="","",IF($H8=0,"⛔ اكتب رقم الفاتورة",IF(COUNTIF($B$7:$B$606,$H8)=0,"🟡 ما انزلت بنودها",IF(ROUND($I8-$J8,3)=0,"✅ خلصت","⛔ فرق "&TEXT($I8-$J8,"0.000"))))) | M8: =IF(AND($H8<>"",$H8<>0,LEFT($K8,1)<>"✅"),COUNT($M$6:M7)+1,"") | N8: =IFERROR(INDEX($H$7:$H$206,MATCH(ROW()-6,$M$7:$M$206,0)),"")
A9: =IF(C9="","",IF(COUNTIF('الفواتير'!$D$7:$D$206,B9)=0,"⛔",ROW()-6)) | F9: =IF(C9="","",N(D9)*N(E9)) | H9: =IF('الفواتير'!$E9="يدوية",'الفواتير'!$D9,"") | I9: =IF($H9="","",'الفواتير'!$F9) | J9: =IF($H9="","",SUMIF($B$7:$B$606,$H9,$F$7:$F$606)) | K9: =IF($H9="","",IF($H9=0,"⛔ اكتب رقم الفاتورة",IF(COUNTIF($B$7:$B$606,$H9)=0,"🟡 ما انزلت بنودها",IF(ROUND($I9-$J9,3)=0,"✅ خلصت","⛔ فرق "&TEXT($I9-$J9,"0.000"))))) | M9: =IF(AND($H9<>"",$H9<>0,LEFT($K9,1)<>"✅"),COUNT($M$6:M8)+1,"") | N9: =IFERROR(INDEX($H$7:$H$206,MATCH(ROW()-6,$M$7:$M$206,0)),"")
A10: =IF(C10="","",IF(COUNTIF('الفواتير'!$D$7:$D$206,B10)=0,"⛔",ROW()-6)) | F10: =IF(C10="","",N(D10)*N(E10)) | H10: =IF('الفواتير'!$E10="يدوية",'الفواتير'!$D10,"") | I10: =IF($H10="","",'الفواتير'!$F10) | J10: =IF($H10="","",SUMIF($B$7:$B$606,$H10,$F$7:$F$606)) | K10: =IF($H10="","",IF($H10=0,"⛔ اكتب رقم الفاتورة",IF(COUNTIF($B$7:$B$606,$H10)=0,"🟡 ما انزلت بنودها",IF(ROUND($I10-$J10,3)=0,"✅ خلصت","⛔ فرق "&TEXT($I10-$J10,"0.000"))))) | M10: =IF(AND($H10<>"",$H10<>0,LEFT($K10,1)<>"✅"),COUNT($M$6:M9)+1,"") | N10: =IFERROR(INDEX($H$7:$H$206,MATCH(ROW()-6,$M$7:$M$206,0)),"")
A11: =IF(C11="","",IF(COUNTIF('الفواتير'!$D$7:$D$206,B11)=0,"⛔",ROW()-6)) | F11: =IF(C11="","",N(D11)*N(E11)) | H11: =IF('الفواتير'!$E11="يدوية",'الفواتير'!$D11,"") | I11: =IF($H11="","",'الفواتير'!$F11) | J11: =IF($H11="","",SUMIF($B$7:$B$606,$H11,$F$7:$F$606)) | K11: =IF($H11="","",IF($H11=0,"⛔ اكتب رقم الفاتورة",IF(COUNTIF($B$7:$B$606,$H11)=0,"🟡 ما انزلت بنودها",IF(ROUND($I11-$J11,3)=0,"✅ خلصت","⛔ فرق "&TEXT($I11-$J11,"0.000"))))) | M11: =IF(AND($H11<>"",$H11<>0,LEFT($K11,1)<>"✅"),COUNT($M$6:M10)+1,"") | N11: =IFERROR(INDEX($H$7:$H$206,MATCH(ROW()-6,$M$7:$M$206,0)),"")
A12: =IF(C12="","",IF(COUNTIF('الفواتير'!$D$7:$D$206,B12)=0,"⛔",ROW()-6)) | F12: =IF(C12="","",N(D12)*N(E12)) | H12: =IF('الفواتير'!$E12="يدوية",'الفواتير'!$D12,"") | I12: =IF($H12="","",'الفواتير'!$F12) | J12: =IF($H12="","",SUMIF($B$7:$B$606,$H12,$F$7:$F$606)) | K12: =IF($H12="","",IF($H12=0,"⛔ اكتب رقم الفاتورة",IF(COUNTIF($B$7:$B$606,$H12)=0,"🟡 ما انزلت بنودها",IF(ROUND($I12-$J12,3)=0,"✅ خلصت","⛔ فرق "&TEXT($I12-$J12,"0.000"))))) | M12: =IF(AND($H12<>"",$H12<>0,LEFT($K12,1)<>"✅"),COUNT($M$6:M11)+1,"") | N12: =IFERROR(INDEX($H$7:$H$206,MATCH(ROW()-6,$M$7:$M$206,0)),"")
A13: =IF(C13="","",IF(COUNTIF('الفواتير'!$D$7:$D$206,B13)=0,"⛔",ROW()-6)) | F13: =IF(C13="","",N(D13)*N(E13)) | H13: =IF('الفواتير'!$E13="يدوية",'الفواتير'!$D13,"") | I13: =IF($H13="","",'الفواتير'!$F13) | J13: =IF($H13="","",SUMIF($B$7:$B$606,$H13,$F$7:$F$606)) | K13: =IF($H13="","",IF($H13=0,"⛔ اكتب رقم الفاتورة",IF(COUNTIF($B$7:$B$606,$H13)=0,"🟡 ما انزلت بنودها",IF(ROUND($I13-$J13,3)=0,"✅ خلصت","⛔ فرق "&TEXT($I13-$J13,"0.000"))))) | M13: =IF(AND($H13<>"",$H13<>0,LEFT($K13,1)<>"✅"),COUNT($M$6:M12)+1,"") | N13: =IFERROR(INDEX($H$7:$H$206,MATCH(ROW()-6,$M$7:$M$206,0)),"")
A14: =IF(C14="","",IF(COUNTIF('الفواتير'!$D$7:$D$206,B14)=0,"⛔",ROW()-6)) | F14: =IF(C14="","",N(D14)*N(E14)) | H14: =IF('الفواتير'!$E14="يدوية",'الفواتير'!$D14,"") | I14: =IF($H14="","",'الفواتير'!$F14) | J14: =IF($H14="","",SUMIF($B$7:$B$606,$H14,$F$7:$F$606)) | K14: =IF($H14="","",IF($H14=0,"⛔ اكتب رقم الفاتورة",IF(COUNTIF($B$7:$B$606,$H14)=0,"🟡 ما انزلت بنودها",IF(ROUND($I14-$J14,3)=0,"✅ خلصت","⛔ فرق "&TEXT($I14-$J14,"0.000"))))) | M14: =IF(AND($H14<>"",$H14<>0,LEFT($K14,1)<>"✅"),COUNT($M$6:M13)+1,"") | N14: =IFERROR(INDEX($H$7:$H$206,MATCH(ROW()-6,$M$7:$M$206,0)),"")
A15: =IF(C15="","",IF(COUNTIF('الفواتير'!$D$7:$D$206,B15)=0,"⛔",ROW()-6)) | F15: =IF(C15="","",N(D15)*N(E15)) | H15: =IF('الفواتير'!$E15="يدوية",'الفواتير'!$D15,"") | I15: =IF($H15="","",'الفواتير'!$F15) | J15: =IF($H15="","",SUMIF($B$7:$B$606,$H15,$F$7:$F$606)) | K15: =IF($H15="","",IF($H15=0,"⛔ اكتب رقم الفاتورة",IF(COUNTIF($B$7:$B$606,$H15)=0,"🟡 ما انزلت بنودها",IF(ROUND($I15-$J15,3)=0,"✅ خلصت","⛔ فرق "&TEXT($I15-$J15,"0.000"))))) | M15: =IF(AND($H15<>"",$H15<>0,LEFT($K15,1)<>"✅"),COUNT($M$6:M14)+1,"") | N15: =IFERROR(INDEX($H$7:$H$206,MATCH(ROW()-6,$M$7:$M$206,0)),"")
A16: =IF(C16="","",IF(COUNTIF('الفواتير'!$D$7:$D$206,B16)=0,"⛔",ROW()-6)) | F16: =IF(C16="","",N(D16)*N(E16)) | H16: =IF('الفواتير'!$E16="يدوية",'الفواتير'!$D16,"") | I16: =IF($H16="","",'الفواتير'!$F16) | J16: =IF($H16="","",SUMIF($B$7:$B$606,$H16,$F$7:$F$606)) | K16: =IF($H16="","",IF($H16=0,"⛔ اكتب رقم الفاتورة",IF(COUNTIF($B$7:$B$606,$H16)=0,"🟡 ما انزلت بنودها",IF(ROUND($I16-$J16,3)=0,"✅ خلصت","⛔ فرق "&TEXT($I16-$J16,"0.000"))))) | M16: =IF(AND($H16<>"",$H16<>0,LEFT($K16,1)<>"✅"),COUNT($M$6:M15)+1,"") | N16: =IFERROR(INDEX($H$7:$H$206,MATCH(ROW()-6,$M$7:$M$206,0)),"")
A17: =IF(C17="","",IF(COUNTIF('الفواتير'!$D$7:$D$206,B17)=0,"⛔",ROW()-6)) | F17: =IF(C17="","",N(D17)*N(E17)) | H17: =IF('الفواتير'!$E17="يدوية",'الفواتير'!$D17,"") | I17: =IF($H17="","",'الفواتير'!$F17) | J17: =IF($H17="","",SUMIF($B$7:$B$606,$H17,$F$7:$F$606)) | K17: =IF($H17="","",IF($H17=0,"⛔ اكتب رقم الفاتورة",IF(COUNTIF($B$7:$B$606,$H17)=0,"🟡 ما انزلت بنودها",IF(ROUND($I17-$J17,3)=0,"✅ خلصت","⛔ فرق "&TEXT($I17-$J17,"0.000"))))) | M17: =IF(AND($H17<>"",$H17<>0,LEFT($K17,1)<>"✅"),COUNT($M$6:M16)+1,"") | N17: =IFERROR(INDEX($H$7:$H$206,MATCH(ROW()-6,$M$7:$M$206,0)),"")
A18: =IF(C18="","",IF(COUNTIF('الفواتير'!$D$7:$D$206,B18)=0,"⛔",ROW()-6)) | F18: =IF(C18="","",N(D18)*N(E18)) | H18: =IF('الفواتير'!$E18="يدوية",'الفواتير'!$D18,"") | I18: =IF($H18="","",'الفواتير'!$F18) | J18: =IF($H18="","",SUMIF($B$7:$B$606,$H18,$F$7:$F$606)) | K18: =IF($H18="","",IF($H18=0,"⛔ اكتب رقم الفاتورة",IF(COUNTIF($B$7:$B$606,$H18)=0,"🟡 ما انزلت بنودها",IF(ROUND($I18-$J18,3)=0,"✅ خلصت","⛔ فرق "&TEXT($I18-$J18,"0.000"))))) | M18: =IF(AND($H18<>"",$H18<>0,LEFT($K18,1)<>"✅"),COUNT($M$6:M17)+1,"") | N18: =IFERROR(INDEX($H$7:$H$206,MATCH(ROW()-6,$M$7:$M$206,0)),"")
... A206: =IF(C206="","",IF(COUNTIF('الفواتير'!$D$7:$D$206,B206)=0,"⛔",ROW()-6)) | F206: =IF(C206="","",N(D206)*N(E206)) | H206: =IF('الفواتير'!$E206="يدوية",'الفواتير'!$D206,"") | I206: =IF($H206="","",'الفواتير'!$F206) | J206: =IF($H206="","",SUMIF($B$7:$B$606,$H206,$F$7:$F$606)) | K206: =IF($H206="","",IF($H206=0,"⛔ اكتب رقم الفاتورة",IF(COUNTIF($B$7:$B$606,$H206)=0,"🟡 ما انزلت بنودها",IF(ROUND($I206-$J206,3)=0,"✅ خلصت","⛔ فرق "&TEXT($I206-$J206,"0.000"))))) | M206: =IF(AND($H206<>"",$H206<>0,LEFT($K206,1)<>"✅"),COUNT($M$6:M205)+1,"") | N206: =IFERROR(INDEX($H$7:$H$206,MATCH(ROW()-6,$M$7:$M$206,0)),"")
A207: =IF(C207="","",IF(COUNTIF('الفواتير'!$D$7:$D$206,B207)=0,"⛔",ROW()-6)) | F207: =IF(C207="","",N(D207)*N(E207))
A208: =IF(C208="","",IF(COUNTIF('الفواتير'!$D$7:$D$206,B208)=0,"⛔",ROW()-6)) | F208: =IF(C208="","",N(D208)*N(E208))
A209: =IF(C209="","",IF(COUNTIF('الفواتير'!$D$7:$D$206,B209)=0,"⛔",ROW()-6)) | F209: =IF(C209="","",N(D209)*N(E209))
A210: =IF(C210="","",IF(COUNTIF('الفواتير'!$D$7:$D$206,B210)=0,"⛔",ROW()-6)) | F210: =IF(C210="","",N(D210)*N(E210))
A211: =IF(C211="","",IF(COUNTIF('الفواتير'!$D$7:$D$206,B211)=0,"⛔",ROW()-6)) | F211: =IF(C211="","",N(D211)*N(E211))
A212: =IF(C212="","",IF(COUNTIF('الفواتير'!$D$7:$D$206,B212)=0,"⛔",ROW()-6)) | F212: =IF(C212="","",N(D212)*N(E212))
A213: =IF(C213="","",IF(COUNTIF('الفواتير'!$D$7:$D$206,B213)=0,"⛔",ROW()-6)) | F213: =IF(C213="","",N(D213)*N(E213))
A214: =IF(C214="","",IF(COUNTIF('الفواتير'!$D$7:$D$206,B214)=0,"⛔",ROW()-6)) | F214: =IF(C214="","",N(D214)*N(E214))
A215: =IF(C215="","",IF(COUNTIF('الفواتير'!$D$7:$D$206,B215)=0,"⛔",ROW()-6)) | F215: =IF(C215="","",N(D215)*N(E215))
A216: =IF(C216="","",IF(COUNTIF('الفواتير'!$D$7:$D$206,B216)=0,"⛔",ROW()-6)) | F216: =IF(C216="","",N(D216)*N(E216))
A217: =IF(C217="","",IF(COUNTIF('الفواتير'!$D$7:$D$206,B217)=0,"⛔",ROW()-6)) | F217: =IF(C217="","",N(D217)*N(E217))
A218: =IF(C218="","",IF(COUNTIF('الفواتير'!$D$7:$D$206,B218)=0,"⛔",ROW()-6)) | F218: =IF(C218="","",N(D218)*N(E218))
... A606: =IF(C606="","",IF(COUNTIF('الفواتير'!$D$7:$D$206,B606)=0,"⛔",ROW()-6)) | F606: =IF(C606="","",N(D606)*N(E606))
A608: رقم الفاتورة لازم يكون نفسه المكتوب بورقة «الفواتير» — وإلا بيطلع ⛔ بعمود #

Sheet التعليمات
A1: طريقة العمل
A3: القاعدة الأساسية
A4: 1 | B4: ملف واحد لكل شهر. بتفرّغ فيه فواتير شراء البضاعة يوم بيوم — مش آخر الشهر.
A5: 2 | B5: اكتب الشهر مرة وحدة فوق بورقة «الفواتير» وبس. ورقة «البنود» بتاخده لحالها.
A6: ورقة «الفواتير» — سطر لكل فاتورة
A7: 3 | B7: المورد: اكتب الاسم نفسه بالضبط كل مرة. «كتانة» و«سليم كتانة» بينحسبوا موردين اثنين.
A8: 4 | B8: التاريخ: اكتبه أرقام ورا بعض بلا شرطات — 24092026 والخانة بتعرضه 24/09/2026 لحالها. إذا صار برتقالي يعني التاريخ غلط (يوم أكبر من 31 أو شهر أكبر من 12).
A9: 5 | B9: النوع: من القائمة — مطبوعة أو يدوية. هاي بتحدّد شو بعدها.
A10: 6 | B10: مطبوعة ← المورد + التاريخ + رقم الفاتورة + المجموع وبس. ما بدنا بنودها، بس ابعث صورتها مع الملف.
A11: 7 | B11: يدوية ← نفس الأربعة، وكمان بنودها بورقة «البنود». السبب: الخط اليدوي ما بينقرأ، والبنود لازم تنكتب عشان تنزل على النظام.
A12: 8 | B12: الخصم: إذا في خصم على الفاتورة كلها اكتبه، وإلا اتركه فاضي. الصافي بيتحسب لحاله (المجموع − الخصم).
A13: 9 | B13: رقم الفاتورة اللي بيصير برتقالي = مكرر بنفس الملف. غيّره، وإلا بنودها بتختلط.
A14: ورقة «البنود» — للفواتير اليدوية فقط
A15: 10 | B15: كل بند بسطر: رقم الفاتورة + البند + الكمية + الإفرادي. الإجمالي بيتحسب لحاله.
A16: 11 | B16: رقم الفاتورة لازم يكون نفسه المكتوب بورقة «الفواتير». إذا طلع ⛔ مكان الرقم التسلسلي ← يعني الرقم مش موجود بورقة الفواتير.
A17: 12 | B17: اكتب البند زي ما هو مكتوب بالفاتورة. مش لازم يطابق الكتالوج — أنا بطابقه.
A18: لوحة المتابعة — يمين ورقة «البنود»
A19: ◆ | B19: أرقام الفواتير اليدوية بتطلع فيها لحالها — ما بتكتب إشي. جنب كل رقم: مجموع الفاتورة · مجموع بنودها اللي أدخلتها · وعمود «خلصت؟».
A20: ◆ | B20: 🟡 ما انزلت بنودها = لسا ما بلّشت فيها · ⛔ فرق 0.500 = المجموعان مش متطابقين · ✅ خلصت = المجموعان تطابقا وخلصت هاي الفاتورة.
A21: ◆ | B21: فوق اللوحة بيطلع «3 مكتملة من 5 فواتير يدوية» — لما يصير أخضر يعني كلهن خلصوا.
A22: التدقيق — شغل الإكسل مش شغلك
A23: 13 | B23: عمود «الحالة» بيقارن مجموع البنود مع مجموع الفاتورة لحاله: ✅ البنود مطابقة يعني تمام · ⛔ فرق 0.500 يعني ناقص أو زايد 500 فلس.
A24: 14 | B24: العدّاد فوق ما بيصير أخضر إلا لما كل فاتورة تكون سليمة. لا تبعث الملف وهو أحمر.
A25: الإرسال
A26: 15 | B26: كل يوم: ابعث الملف + صور الفواتير المطبوعة اللي دخّلتها اليوم.
A27: 16 | B27: الفواتير بتنزل على أودو يوم بيوم — مش آخر الشهر. كل يوم بيمرّ بلا تنزيل = يوم بتشتغل فيه على أرقام مش صحيحة.
A28: الفكرة باختصار
A29: ◆ | B29: المطبوعة إلها صورة بتغني عن كتابة بنودها. اليدوية ما إلها — فبنكتب بنودها مرة وحدة هون، وبتضل مقروءة للأبد.
